title,summary,link,pubtime
欢乐抢流量,2015年的春节，微信以及支付宝平台上都开展了风风火火的抢红包活动，吸引了数以亿计的网民乐此不疲地参与其中，而如今只要到了节点时期，网友们纷纷以抢红包的方式来表达节日的喜悦，可见当前抢红包的此项行为已经深入人心。为了顺应互联网的趋势，活跃我们的用户，提高用户粘性，同时也为了创新流量流转方式，培养用户的高流量使用习惯，我们基于原有的流量业务系统推出了我们专属的抢流量红包活动产品。产品内容如下：用户通过移动终端访问我们活动页面来参与活动（入口可以是中国移动的微信公众号），在我们的活动页面中，用户可选择随机向通信录中的好友发放流量红包，红包的个数、发放流量数以及好友数量都由用户自行选择，选择完毕并点击发放流量红包后，系统将根据用户选择的红包个数和发放流量数随机分配每个红包的流量数并推送一条抢流量提醒短信给相应的好友，好友收到短信后点击短信内容中的抢流量链接即可参与抢你派发的流量红包。红包随机分配，好友先点先得，抢完为止。派发出去的流量将从用户的账户中扣除，好友抢到流量红包后便可即时获得相应的流量数。派发流量的用户以及参与抢流量的好友都可以查看流量红包的抢夺情况，即查看大家的手气如何。当然，用户在我们的活动页面也可即时地获取自己账户的流量余额并可选择办理相应的流量加油包。,http://zzkf.bigcloudsys.cn:8088/project/detail/2340,2015.07.31
中国移动充值卡创新快充宝, 全新设计的充值方式和充值卡样式！在保留18位数字充值密码的基础上，增加了充值密码为二维码的新形式。并开发出一款手机充值APP，在数据网络或无线网络下，通过手机应用使用手机摄像头设备对二维码进行扫描，为用户提供快速、便捷的充值服务。比起以往电话语音向导进行充值的方式大大提高了充值效率，提升用户体验。功能特色： 一、通过手机应用扫描充值卡上的二维码充值密码，可以帮助用户快捷有效的完成充值服务，大大提高充值效率，提高用户对充值服务的体验；二、本产品的手机应用可以支持现在移动终端市场中广大用户的使用，目前提供Android和IOS两种手机操作系统版本的应用，覆盖智能手机用户的90%；三、产品应用可提供为本手机用户和其他手机用户，两种充值功能； 四、可以为用户提供充值历史记录，供用户查看充值操作的全部历史记录；   五、在用户无法使用数据网络或者数据网络质量不好的情况下，为用户提供电话语音充值导航的入口。 ,http://zzkf.bigcloudsys.cn:8088/project/detail/2380,2015.08.01
上学了, 这是一款针对学生家长，帮助家长选择选择学校及“学区房”的APP。产品功能特色 1、每年从教育局引入官方信源，确保学区与学校对应准确、权威； 2、输入“家庭住址”可以定位所对应的“小学”、“中学”；输入想要上的“小学”或“中学”，可自动定位对应的小区住址范围。,http://zzkf.bigcloudsys.cn:8088/project/detail/2406,2015.08.03
教育机器人-小智,  会思考的机器人，根据平时提问回答的训练，形成用户专属的问题库。根据用户不同的学习习惯，推荐不同的科目、问题与用户交流。帮助学生制定学习计划、作业监督、纠正坐姿等。打造家庭教育版大白。  载体：手机  考虑市面上机器人价格不菲，考虑使用智能手机的语音和图像硬件，实现相应的语音和图像处理能力，之后可移植或将算法重新实现到机器人平台。  市场成熟技术参考：  1.讯飞语音在语音技术方面有很多成熟开源的模块可以调研参考，比如语音听写、开放语音、声纹识别等。  2.百度深度学习在图像处理、人机交互方面有很多领先的技术。,http://zzkf.bigcloudsys.cn:8088/project/detail/2411,2015.08.03
班车管家,班车管家应用，是基于移动平台iOS端的应用，主要是针对公司班车服务，提供人性化的班车运营时间以及班车路线和班车载客信息等情况，方便员工和班车司机更好的享受上班时刻。,http://zzkf.bigcloudsys.cn:8088/project/detail/2413,2015.08.03
拍票记财, 该产品通过手机APP方式对家庭收支进行管理。通过对购物小票进行拍照，自动识别小票上的购物信息，结合短信、语音、手工、第三方接口等其它录入手段对日常消费数据进行收集分析，促进家庭养成良好的消费习惯 1、产品与市场上其它同类产品相比最大的爆点： 购物小票拍照识别，解析识别小票中的超市名称、商品编码、商品名称、数量、单价、总价的识别。2、其它特色功能：1）自动识别手机上接收到的银行账单短信，提取银行名称、消费商户、消费金额信息。2）调用微信、支付宝接口，自动记录相关的网购消费记录。3）对家庭收入及其它零散的花费，通过语音、手工等方式进行便捷的录入。4）对家庭收支数据进行分析及查询,http://zzkf.bigcloudsys.cn:8088/project/detail/2163,2015.07.31
流量蓝海拓展流量订购能力开放插件, 一种全新的流量经营模式，从传统的B2C模式转为B2B2C模式。传统流量的产品形态以捆绑套餐包、流量加油包、流量卡以及新增的后向统付流量为主，这些产品形态需要庞大、繁杂的自有渠道做支撑，耗费人力、物力成本较高；本产品主旨在于打造完整的社会渠道生态圈，搭建一套开放、共享、社会化的基础设施平台，为企业提供技术能力支撑，达到既可以精简自有渠道，又不失去原有市场活力，集中我公司市场运营能力的目的。 ,http://zzkf.bigcloudsys.cn:8088/project/detail/2219,2015.07.31
手机变身遥控器产品,,http://zzkf.bigcloudsys.cn:8088/project/detail/2265,2015.07.31
移动微校园,,http://zzkf.bigcloudsys.cn:8088/project/detail/2268,2015.07.31
陌电识别器-更懂你的手机贴心大白卫士, 面对络绎不绝的陌生电话，接？还是不接？接的话，担心是执着的房产中介或者推销诈骗，不接的话又怕错过真正有用的重要事情。。。恨不得在接听之前就能知道这个电话是坏人还是好人，对我是骚扰还是重要信息？尤其是对于选择犹豫症患者或者强迫症病人，一个陌生来电简直让内心无比挣扎。 陌电识别器利用运营商的独特数据优势，对陌生来电的各种通信历史和特征进行分析，并结合其与被呼叫用户之前的通信关系和社交关系，对每个陌生电话进行可信任度的计算，并把结果实时推送给用户。最终那些用心险恶的骚扰电话会通通在陌电识别器面前显出原形，而真正找你有事情的正常陌生电话则被过滤下来，安全的送到你的耳边。,http://zzkf.bigcloudsys.cn:8088/project/detail/2525,2015.08.05
定制通勤巴士应用“任意门”,产品介绍：移动出行领域在经过了专车软件的拼杀后，下一个蓝海恐怕只有拼大巴了。每天清晨，在车站和公交地铁上挑战着人体抗压极限的熙熙攘攘的通勤族们是多么渴望能有一个可以听歌睡觉的座位；每天黄昏，背对着空空荡荡的空位的巴士司机们开的也不能叫班车而只能称之为寂寞。通勤市场各方有着各自痛点，如何连接闲置或运转效率偏低的通勤车辆资源，以及大量分散动态的出行需求，使之达到一个相对灵活的平衡，就是本产品的初心。,http://zzkf.bigcloudsys.cn:8088/project/detail/2282,2015.07.31
江湖救急, 江湖救急(帮主驾到)是一款人们在日常生活、工作、个人情感中必备的应急求助软件，给您提供最及时、最准确、最便捷的帮助需求服务，您通过它可以随时随地在线求助，且能快速得到解答和响应，让生活、工作、情感更轻松省心。您可以将自己无法解决的问题通过该软件以最快的速度向周边的网民发出求助信息（当然也可以帮助别人来解决问题），可以通过文字、语音、视频及图片等方式对你的问题进行描述，并附上您所将能付出的回报信息。附近乐于帮助您的网民会通过软件的位置信息和定位功能找到您的位置或到您指定的位置给予帮助，且获取你给予的回报。 ,http://zzkf.bigcloudsys.cn:8088/project/detail/2285,2015.07.31
头手两用式体感遥控器, 随着智能电视的普及和微软Xbox ONE的正式出售，体感游戏越来越受到大众的关注。智能电视上的体感游戏一般由电视遥控器操控，电视遥控器通过重力感应器感知体感操作。大多数用户在玩游戏时认为电视遥控器操作不便、精准度不高、时延长。Xbox ONE的体感游戏让用户轻松地通过动作来操控游戏，可是Xbox ONE的售价在3000元左右，它的价格让许多人望而却步。另外，智能电视和Xbox ONE的体积大，不便于携带，用户只能在家庭中操控体感游戏。最后，适合于智能电视和Xbox ONE的体感游戏数量有限，传统游戏(如街头霸王)无法进行体感操控。针对用户的以上痛点，我团队设计了一个操控精准度高、价格低、便携性强、小巧精美的头手两用式体感遥控器，命名为魔带。魔带让用户无需购买昂贵的游戏主机、只需花费百元就可随时随地通过体感来操控传统游戏和体感游戏。魔带的外形是一个头带，用户可以把它带在头上或手上，来操控智能终端中的游戏软件、办公软件、视频播放软件。智能终端包括手机、电脑、互联网电视盒子、智能电视。我团队设计的产品适合天天酷跑、滑雪大冒险这种只用两三个控制键来操控的跑酷游戏，也适用于“水果杀”、网球、游艇冲浪等动作类游戏。,http://zzkf.bigcloudsys.cn:8088/project/detail/2344,2015.07.31
玩玩,我们的目标是：开发一个以有偿技能交换为目的，通过报偿模式，使得具备一定技能的人能够在闲暇时间通过拥有的技能进行二次创收的平台，同时使得想通过闲散时间进行学习的人能够在某种程度上得到兴趣爱好的培养以及相应技能的提升。,http://zzkf.bigcloudsys.cn:8088/project/detail/2354,2015.07.31
“生动”APP,,http://zzkf.bigcloudsys.cn:8088/project/detail/2356,2015.07.31
个人仓库,该产品是一种记录个人有形和无形资产信息的App应用。随着社会的发展个人资产越来越多，有形资产如驾照本、身份证、银行卡、各种会员、衣服、个人物品、私家车等等，无形资产如宽带帐号、无线密码、各种网上的帐号等等。这些资产当平时很少使用时靠脑力容易记忆混乱、丢失，当需要时不方便查找和使用。该应用不仅记录资产放置的位置，当需要找某些物品时可以迅速查找到该物品放置的位置，还记录资产的有效期等信息，并能智能提醒。比如：驾照本年检时间提醒、信用卡还款时间提醒、各种会员卡到期时间提醒、家电过保时间提醒、车辆保养提醒等等。并且针对资产的相关属性智能推送消息服务，比如：选择驾照本会推送周边提供年检服务的地点，选择银行卡会推送周边银行信息等等。相当于个人资产管理小秘书。该应用把资产分为：证照类、金融卡、会员卡、汽车、衣物、家电、房产等类别。每个类别有该资产特有的属性，比如证照类含有有效期，金融卡有消费记录，汽车有保养记录，家电有保修期限等等，用户还可以自定义添加属性。对资产设置特定的提醒闹钟。  该应用可以通过拍照、录入等方式进行资产登记，支持云端备份和同步。对消费记录进行关联分析。支持手势锁屏和登录，支持远端信息擦除等安全防护。,http://zzkf.bigcloudsys.cn:8088/project/detail/2381,2015.08.01
人图,人图：以人为点、以动为线、以图为面，三维一体，人图社交：创意生活，改变世界。,http://zzkf.bigcloudsys.cn:8088/project/detail/2133,2015.07.30
智能精准快调天支,智能精准快调天支产品包括五部分。云存储单元中心服务器，专门用来存储铁塔基本信息、天支姿态基本信息、铁塔垂直度、GPS定位等状态信息；软件平台整个系统的支撑软件，包括服务器端、APP端、执行端使用的各种软件。实现全网掌控铁塔和天支实际姿态，达到网络信号快速规划，即时监控铁塔风险的目的。APP端具体操作设备，可以是电脑，也可以使用手机，即时解决客户投诉，网络优化快，天线调整速度快、准确度高，费用低。执行端智能精准快调天支，安装在铁塔上，利用自身携带的集成电路控制器，收集天支基本信息、铁塔基本信息、铁塔状态基本信息，根据APP指令实现天支姿态的调整，并于调整后即时传送数据至云端。管道利用无线信道和固网管道，接收和发送信息。通过智能精准快调天支的接入，以及数据管理系统的开发利用，可以实现铁塔及天线基本信息的数据管理。为移动通信网络优化奠定数据基础。即时解决客户投诉等网络问题，提高客户满意度。优点如下：n 响应速度快 n 角度调整精确 n 角度调整范围大n 通过GPS定位，准确确定基站位置n不需要上塔，节省人工成本,http://zzkf.bigcloudsys.cn:8088/project/detail/2389,2015.08.03
小“和”跑腿, 小“和”跑腿APP是一款整合跑腿代办人抢单、发布人评事件发布、跑腿价及跑腿人诚信排行等多方面功能的一款信息发布平台。产品功能特色 利用使用人周边方便资源处理自身不方便事宜的APP，可为使用者节省碎片时间，利用闲置时间，提升工作效率。,http://zzkf.bigcloudsys.cn:8088/project/detail/2419,2015.08.03
可穿戴防控手环产品,,http://zzkf.bigcloudsys.cn:8088/project/detail/2432,2015.08.03
藏汉双语云站群管理系统,藏汉双语云站群管理系统(简称：站群系统)不是网站之间的简单链接，而是依据“统一规范，分级建设，统一监管”的建设思路实现互联互通、资源分享的有机结合体。系统采用内容管理模式，将内容与格式分离支持灵活扩展实现发布过程自动化；把数据库中的信息按规则预先自动生成为HTML页面加入到WEB服务器，或者利用动态网页生成技术在实时交互的过程中动态生成网页提交；信息管理和发布管理功能完善，可快速部署站点。,http://zzkf.bigcloudsys.cn:8088/project/detail/2193,2015.07.31
人人同智能书包,集定位、监听、通话、一键呼救、交通安全警示、矫姿为一体的智能书包产品功能特色该产品拥有了儿童手机、安全手环的通话及定位功能，又结合了书包的实用性，并增加了交通安全警示功能，是集目前推广的儿童产品所有功能为一体的实用性新产品。该产品采用GPS、基站双定位模式，更支持手机APP登录查询，为每一孩子的安全保驾护航！产品使用场景l场景一：主动防御。日常上学、放学途中。学生在上学、放学途中使用智能书包，家长或老师可通过业务实时监控平台查看学生所在精确位置，轨迹，监听环境声音，可以发挥主动防御的作用。l场景二：被动防御。学生通过智能书包上的SOS一键报警按钮，可实现紧急情况下的报警操作，将学生所处精确位置发送至监护人手机上，并通过声光电信息提醒监护人。此外，智能书包外层具有多条反光带和LED警示灯，能够在光线暗的情况下保护学生免受机动车意外伤害。,http://zzkf.bigcloudsys.cn:8088/project/detail/2461,2015.08.04
移信通,,http://zzkf.bigcloudsys.cn:8088/project/detail/2469,2015.08.04
芯动全新的物联网生态系统, 芯动芯随吾动，改变生活！芯动全新的物联网生态系统我们正以奔跑的速度走入IOT(Internet of Things)的时代，在不久的未来，你不再能发现pc的身影，你不再依附于繁复的计算机操作系统来工作生活，每一个你身边的智能终端都可以实时与网络互联，彼此通信。你几乎完全沉浸在Ubiquitous Computing(普适计算）的环境中。每一个智能终端，小到智能手表，心率计，办公室里的咖啡机，大到我们使用的交通工具，甚至探索外太空的高精尖设备等等，都会拥有一颗“芯”脏，用来完成操作和互联互通。“芯动”－－芯随吾动正是这样一款基于java ME8软件技术的中间件平台，依托于体积只有拇指盖大小的一块芯片，实现小型操作系统移植，安装，可编程，接入传感器，运行于中国移动稳定的2G专属物联网。致力于搭建可穿戴等物联网设备的生态圈，联合芯片厂商和模块厂商一起构建真正的IOT商务模式。芯动－－芯随吾动，改变生活！ ,http://zzkf.bigcloudsys.cn:8088/project/detail/2472,2015.08.04
中小企业新闻与投票系统,中小企业新闻与投票系统是为满足中小企业宣传企业文化与企业新闻的需求，兼顾企业投票的小型ANDROIDAPP与WEB应用。其主要功能有手机端的登陆，新闻查看，新闻评论，投票功能。WEB端的既可以实现手机的端功能，又可以进行后台管理，是中小企业不可多得的工具。,http://zzkf.bigcloudsys.cn:8088/project/detail/2308,2015.07.31
屏宝,,http://zzkf.bigcloudsys.cn:8088/project/detail/2313,2015.07.31
Second Social手游虚拟角色真实通话,,http://zzkf.bigcloudsys.cn:8088/project/detail/2572,2015.08.06
多机一键部署工具,"开发集成环境机器较多，这些机器中由于分工不同，部署步骤也各不相同，从打包编译到部署完成，往往要半天的时间才能完成。为了提高研发效率，就需要开发出一款自动部署工具。
  工具用java编写，BS架构， 
1、在web界面上只需用鼠标点击一个按钮，就可完成多台机器部署。
2、该工具提供各机器部署参数配置功能；
3、该工具提供部署结果查询功能；
4、所有机器部署完成后，工具提供邮件提醒功能；",http://zzkf.bigcloudsys.cn:8088/project/detail/2116,2015.07.30
智慧课堂, 《智慧课堂》是一款中国移动校讯通的附加值产品，主要专注于中、小学学生学习语文课本内容的一个课外学习平台，它将课本内容创新制作成实景故事短片形式，做到寓教于乐，最大程度上方便中、小学学生及家长随时随地进行语文课本内容的理解和学习，为中、小学学生学习语文营造轻松的学习环境。智慧课堂产品紧紧围绕“轻松、快乐学语文”这一主题，对中、小学学生语文课本内容创作和设计。 ,http://zzkf.bigcloudsys.cn:8088/project/detail/2393,2015.08.03
超能助手,,http://zzkf.bigcloudsys.cn:8088/project/detail/2315,2015.07.31
动动吧--企业活动组织互动平台, 动动吧企业活动组织互动平台，旨在帮助公司的工会、社团等组织活动，方便员工参与、互动和交流，并通过公众账号发布公告，建立起组织者和员工之间的互动平台。我的活动一触即发，查找活动简单快速社交网络闪电传播，快来一起动动吧！ ,http://zzkf.bigcloudsys.cn:8088/project/detail/2571,2015.08.06
企业助手app,面向中小企业以及团队实现的移动终端APP应用服务，同时支持web方式的接入。企业助手可以帮助企业加强员工管理，消息传递，信息分享等。可以实现考勤（基于定位的方式）、人员出勤状态实时查询、企业通知消息分享、企业通讯录内部互查。后期可以实现公用平台的搭建，即实现企业间广告展示，消息展示，人才招聘等内容分享栏,http://zzkf.bigcloudsys.cn:8088/project/detail/2072,2015.07.29
手机绿色上网,,http://zzkf.bigcloudsys.cn:8088/project/detail/2330,2015.07.31
全员营销管理平台,移动全员营销管理平台系统是基于移动互联网及移动智能终端的用户、移动互联网线上推广渠道，为解决传统营销手段不能满足现在的用户变化、互动及传播力度差等问题提供有效手段，让移动内部员工参与其中，最大化内部营销力量的一种模式。本产品主要是发动移动内部员工进行终端销售活动传播，并且以微信平台作为传播渠道，自己搭建管理平台来支撑业务拓展，平台会给每一个员工提供一个定制化的微店铺，并且对于每一个微店铺的商品进行标准化管理，对于每一个员工的推广效果都能进行精准统计。,http://zzkf.bigcloudsys.cn:8088/project/detail/2347,2015.07.31
南腔北调,该应用的功能主要为在线教育与在线翻译，当用户群体达到一定规模时，可实现其他社区性的功能。用户注册时输入自己的生日，性别，母语，精通的其他方言或语种。用户A使用该应用时，对对方的年龄，性别，需要翻译的语种（一般2种）。系统根据选择向离A最近的10位用户发起邀请，最先应答的用户可与A实现互动。,http://zzkf.bigcloudsys.cn:8088/project/detail/2306,2015.07.31
魔镜车辆防盗与远程视频共享工具, 产品对行车记录仪的功能进行了多方面拓展，配置内、外双向摄像头，借助移动4G网络及云存储，实现海量视频图片上传及分享；利用人脸识别技术及监控方式实现非驾驶权限人员无法驾驶或启动爱车的功能，即使车辆被盗，也可及时将盗贼近照上传云端存储，配合公安部门尽快破案；拥有交通景像共享功能，并可以为他人提供有偿实时共享，让您堵车不烦，坐着赚钱；当您到一个陌生朋友家，可以邀请朋友远程登录视频，为您清晰带路，免去指路说不清，讲不明的烦恼。 ,http://zzkf.bigcloudsys.cn:8088/project/detail/2567,2015.08.06
和连连看,,http://zzkf.bigcloudsys.cn:8088/project/detail/2311,2015.07.31
基于RobotFramework的服务端库,"该产品其实是一个可以被Robotframework引用的，模拟服务端Library。使用RobotFramework做接口自动化时，经常回涉及到被测系统向第三方系统发送请求，这要就需要一个模拟器模拟第三方系统。
目前的工作方式是针对每种协议都需要开发一个模拟器，模拟器的开发对人员技能有一定的要求，并且增加了测试准备的工作量。
本服务器端库能通过配置文件的方式，实现模拟器的功能，无需进行代码开发。",http://zzkf.bigcloudsys.cn:8088/project/detail/2101,2015.07.30
蓝采盒, 移动数据采集器开发板:面向智能硬件开发者的开发平台，帮助硬件开发者快速实现移动网络连接，降低开发周期和成本，提升硬件产品性能，是扶持硬件开发，拓展移动网络应用的利器。核心功能：集成eSIM，具备GPS+Cell定位、自动数据传输、远程控制（LED灯和蜂鸣器）功能。特点优势：体积小 - eSIM集成入通信模组，SIM卡零体积可靠性高 - 与终端具有同样的物理环境适应性，避免因SIM卡接口引起的问题可扩展性强 - 通用标准接口，增加不同传感器即可实现不同数据的采集和传输大幅缩短硬件开发周期  移动通信设计、测试、联调时间从2-3个月缩减为2-3周低成本  eSIM与传统SIM项目成本降低50%-90%相比于市场上较为广泛应用的基于Wifi和蓝牙的硬件开发平台，补充了基于移动通信网络连接的快速开发产品。同时可作为自主研发基于移动通信网络智能硬件的基础。 ,http://zzkf.bigcloudsys.cn:8088/project/detail/2105,2015.07.30
交往圈,交往圈客户端基于用户通讯录、历史通话和短信行为数据，为用户提供一定周期内的通话分析、短信分析、交往圈分析、智能社交提醒、增值业务推荐、好友PK、权限管理等丰富功能，不仅是用户通过手机管理联系人、了解自身通信特点、维系关系网的得力助手，也是中国移动开展数字化服务、提升话音和短信收入的重要渠道。,http://zzkf.bigcloudsys.cn:8088/project/detail/2152,2015.07.31
司家车, “司家车”是一款以公司为圈子，以车为核心的“社交类”软件，其核心功能是蹭同事的车，主打“安全蹭车，绿色出行”。在这个圈子你可以发布“来蹭”，让你的同事搭上你的顺风车；你可以“求蹭”，蹭上同事的车，省去回家的打的费，免去公交车的拥挤；在这个圈子，你可以请教达人对爱车进行护养，你也可以成为达人，指导新手处理事故。 ,http://zzkf.bigcloudsys.cn:8088/project/detail/2153,2015.07.31
神笔, 台账不做好，烦恼没完了！神笔，一款自动生成日常办公台账的软件，目前第一期开发的是合同台账自动生成功能。它作为我们OA办公系统中一项功能模块，能调用OA系统合同管理的相应字段，自动形成合同管理台账及合同相关付款信息。不同权限的人员使用该软件即可导出不同的合同相关台账信息。杜绝了平时台账不收集，临时审计检查资料不全，加班加点赶工的情况；极大节约了人工统计成本，极大方便了日后的检查资料准备工作。后期，神笔将支持其他种类台账的自动生成。比如网络资源管理数据台账，退服台账，网络健康度台账。真正使用IT手段，标准化流程化快速输出成果，极大解放重复劳动、极大节约用工成本。从而降本增效开展生成工作。   ,http://zzkf.bigcloudsys.cn:8088/project/detail/2428,2015.08.03
投你妹,"我们的目标是：研发一种创新型的、面向三大运营商的客户投诉受理大数据产品，使得“互联网+”产品与电信行业应用深度融合, 降低运营商庞大的运营成本（OPEX）, 提高企业生产效率和利润 , 同时也考虑给越来越多的大众人群提供二次创收或者盈利的模式.",http://zzkf.bigcloudsys.cn:8088/project/detail/2350,2015.07.31
在手机地图上显示CQT测试点的APP开发,本方案是一个依托手机地图的二次开发APP产品，主要针对公司内部工作人员使用，旨在测试工作的简化和方便。常规CQT测试前，因CQT测试点数量较多，测试人员大多不熟悉，需要事先在地图上标注。以前要通过电脑上网在百度地图上逐一查找，并把已找到的测试点逐一标注到地图上，最后统一截图记下来；期间如果比例尺太小看不清楚，太大则看不全，需要截好几张图，在外查看时还需要携带笔记本电脑，很不方便。如果把带有经纬度信息的CQT测试点，批量导入手机地图予以显示，这样无需携带笔记本电脑，可以很方便的供前台测试和后台查看。最好有简单的统计功能，跑了多少个，还剩几个，并变颜色显示。,http://zzkf.bigcloudsys.cn:8088/project/detail/2379,2015.08.01
移动智能泊车系统, 移动智能泊车系统通过智能手机的定位功能，提供基于位置的信息服务，为驾车者提供方便、快捷、准确的停车泊位寻找服务，同时，该产品提高了停车场车位运转效率，促进停车场营业收入的增长。拉动4G用户的增长的同时，提高本地用户的使用粘性。,http://zzkf.bigcloudsys.cn:8088/project/detail/2123,2015.07.30
企业名片产品,利用彩印业务USSD能力，实现主叫触发的彩印下发，下发内容为企业统一设置的内容。为了实现主叫触发，需要对主叫信令进行实施监控。经过多种方案对比，外呼时在被叫号码前加前缀是最佳的方案。加拨前缀号码的劣势是增加了使用障碍，因此需要通过开发手机客户端来消除使用障碍。该APP类似于手机自带的拨号应用，通过该APP拨打的电话，会自动加拨前缀号，实现主叫信令的获取，从而触发企业名片下发。,http://zzkf.bigcloudsys.cn:8088/project/detail/2421,2015.08.03
《智能开关》产品,智能开关是未来智能家居系统的亮点，照明技术与建筑艺术融合在一起充分体现了家庭温馨舒适的和谐气氛。家庭灯光照明系统的管理，不仅要控制照明光源的发光时间、亮度来配合不同应用场合做出相应的灯光场景，而且还要考虑到管理智能化和操作简单化以及灵活适应以后照明布局和控制方式变更等要求。确保家人是方便与舒适。高档住宅、高档装修对私人空间的灯光照明要求越来越高，不仅需要多点控制、自动顺序控制、事件程序响应控制、分割空间控制等多种方式的自动控制。,http://zzkf.bigcloudsys.cn:8088/project/detail/2194,2015.07.31
圈子共享,圈子共享是基于移动互联网的营销推广平台，借助目前社交平台，向朋友、亲戚、同事、同学、家人等圈员分享实用的、好玩的移动业务，被推荐方成功办理业务后，双方获利。,http://zzkf.bigcloudsys.cn:8088/project/detail/2329,2015.07.31
伪基站杀手,"针对当前伪基站日益猖獗，可被用于收集党政军地区敏感信息，发送政治类短信、垃圾短信等，严重影响通信环境，影响用户通信体验的实际问题，中国移动将自主研发伪基站杀手，将传统网络安全攻防对抗的思路应用到无线对抗中，通过技术手段实现对伪基站的反制。部署伪基站杀手，可以使附近区域的伪基站瘫痪，无法收集周围用户敏感信息，并不再对外发送垃圾短信。同时，伪基站杀手有效解决了当前网络侧伪基站监测设备准确率不高、伪基站抓捕困难等问题，能够大大降低伪基站的危害。伪基站杀手主要功能特色如下：（1）自动识别伪基站；（2）自动攻击致使伪基站瘫痪，致使伪基站不能对外发送短信；（3）不影响现网2/3/4G网络；（4）体积小、成本低，适应场合广泛,可大量部署于重点客户区域。",http://zzkf.bigcloudsys.cn:8088/project/detail/2109,2015.07.30
流量收割机,,http://zzkf.bigcloudsys.cn:8088/project/detail/2365,2015.07.31
“百聚易”多人位置管理类APP产品, 本产品旨在实现团队多人出行的实时位置管理。该产品是基于GPS定位和基站定位（Cell ID定位）混合技术开发的一种多人多点同屏定位并具备管理和交流互动功能的一款产品，主要应用在以下场景： 1、旅行团出行。团队出行时，导游和游客通过APP加入虚拟团队后，导游可以在手机上一屏显示该团队所有成员的实时位置点，并通过语音、文字或直接拨打电话等多种形式，进行快速高效的人员管理。此外，团队成员也可一屏看到本团所有人的位置动向，使自己的活动更精确高效；同时APP提供文字、语音、图片、视频等交流功能，成员们可以在团队的公共平台上交流，也可以有选择的群发，还可以单点交流，在旅途中分享和保存美丽的景色。  2、驴友自驾游出行。驴友之间可以很方便的一屏查看队伍所有人的位置，组织者可以为团队规划行进路线，并进行语音对讲等互动。 本产品为旅行社的带团出行管理提供一套掌上信息化解决方案，使旅行社对游客的行程安排、集散组织、人身安全等各方面的管理更加便捷、高效。同时也为大众市场的个人用户提供多人团队出行的位置管理服务。  本产品的赢利点为集团信息化收入、流量收入等。,http://zzkf.bigcloudsys.cn:8088/project/detail/2124,2015.07.30
医联宝手机自助挂号支付系统, 开发一款手机APP及后台服务系统，通过后台服务系统与我司“和支付”平台、医院就医系统对接，实现医院挂号、支付的自助服务，免去排队的等待，改善就医体验。 ,http://zzkf.bigcloudsys.cn:8088/project/detail/2304,2015.07.31
我和城市,,http://zzkf.bigcloudsys.cn:8088/project/detail/2577,2015.08.07
手机在线排号平台,  目前某些窗口服务机构仍有厅内排号等待时间过长的问题。一方面，为了减少不必要的被动等待时间；另一方面，为了减少传统排号系统支出（设备采购支出及耗材支出），本团队设计了手机在线排号平台来解决此问题。手机在线排号平台旨在解决营业厅、机关单位等传统排号终端排号等待时间太长而造成的体验差的问题。包含WEB方式的后台管理系统、用户排号客户端以及工席叫号客户端三个组成部分。产品成功后可取代传统排号设备，节约成本庞大。产品可卖给银行、政府服务窗口等，市场需求很大。如果研发及推广成功，预计未来可为公司带来十几亿的收入。,http://zzkf.bigcloudsys.cn:8088/project/detail/2378,2015.08.01
微车行,微车行为用户提供基于微信公众号的车型服务，订阅用户可通过公众号实现图文违章查询、违章信息定期推送、实时路况视频观看、出行分析及建议、优惠洗车保养等便捷服务。,http://zzkf.bigcloudsys.cn:8088/project/detail/2186,2015.07.31
和格,  政府部门办事时，需要填写很多表格，如办理证件、车辆审批等等，通常情况是到现场按照相应的样式填表。对于不熟悉的业务办理，只能通过互联网搜索相应的一些信息和经验，提前准备资料。“和”格，是一款手机APP，用户可选择需办理的事务，而该APP能够提供该事务需要的表格及填写要求。用户填写完表格要求信息后，APP自动填充整个表格保存。用户到达政府办事大厅，可连接设置在当地的“和”格打印终端。访问打印终端发布的地址或扫描终端二维码，完成在线支付，可实现表格打印。使用打印出的资料即可到前台办理相关事务。,http://zzkf.bigcloudsys.cn:8088/project/detail/2245,2015.07.31
名片社交APP产品,"纸质的名片容易丢,而加微信不够正规也无法辨认对方身份,将11位号码及姓名输入电话本麻烦且容易出错，本产品“名片社交APP”，正是基于此类问题推出。第一阶段：利用名片社交APP，用户需注册后使用，软件记录个人信息，被扫码后对方即可直接录入自己希望展示的所有信息(姓名/公司/电话等)，在移动实名制的背景下，移动推出的电子名片具有可靠性高、号码关联度高的特点；第二阶段：在用户发展到一定程度后，可以发展为社交软件，设置“工作圈”等展示性平台；第三阶段：建立电子商务平台，由可靠的公司人为中心的强关系社交网络最适合电子商务的发展及互联网金融的建立,成为替代微信的明星产品。",http://zzkf.bigcloudsys.cn:8088/project/detail/2257,2015.07.31
物联网远程终端控制方案,远程终端控制能力的亮点在于挖掘自身优势能力，将其进行互联网化的封装。通过简单的restful接口与json表单，完成请求交互，大大降低了用户的学习、研发、维护成本。在满足用户需求的同时，该能力逐渐成为其业务流程中不可缺少的环节，具有较强的使用粘性；从而为后期的能力增值奠定基础。,http://zzkf.bigcloudsys.cn:8088/project/detail/2127,2015.07.30
果旅,针对自助游、深度游旅游客户诉求提供定制化旅游产品。让驴友“说走就走”的旅行更轻松、更贴心、更私密。对于文化旅游省份，不同于自然风光类旅游省份，优质的旅游体验更多来源于导游的深度讲解和旅游互动式的深度探寻。该产品就是针对该客户诉求和传统旅行线路单调、疲惫的行业痛点，通过个性化、定制化的攻略定制和线路规划来满足高端旅游细分市场。产品功能特色心有灵犀寻私导、攻略个性化定制、高端深度体验游，三大功能特点。,http://zzkf.bigcloudsys.cn:8088/project/detail/2404,2015.08.03
马上拼车, “马上拼车”是一款主要面向政企客户的免费云服务产品。基于政企内部同事及其亲人、朋友间的圈子文化，服务提供者和服务消费者互相认识或间接认识，双方不以盈利为目的，不存在利益纠纷，也不存在安全隐患，从而打造安全、温情的差异化服务。产品还提供各种类似的生活化服务，如拼吃喝、拼旅游、拼运动等等，为政企员工营造丰富多彩的生活及交际氛围。,http://zzkf.bigcloudsys.cn:8088/project/detail/2451,2015.08.03
办事易, 办事易在手，办事不再难。为进一步推民生应用建设，了解广大用户对民生应用的满意度，倾听用户心声，结合 “一切为了群众、一切依靠群众”的遵旨，为市民提供政府各职能部门审批申报事项的办事流程、应递交材料内容、在线事项办理、出行指南等服务，提升本地生活服务能力。 ,http://zzkf.bigcloudsys.cn:8088/project/detail/2204,2015.07.31
服务宝典, 服务宝典主要是利用目前较为盛行的H5技术，将移动自有业务进行聚合，通过动画的形式将移动自有业务以场景的方式向用户展示，以3-4张的动画效果较快的在我们的智能终端上显示出业务的亮点，在最短的时间内，让用户在轻松、自然的状态下欣赏动画，有效避免用户厌烦期，达到最佳营销推荐效果。服务宝典可以进行多途径分享，传播速度较快，符合当下传播形式。 ,http://zzkf.bigcloudsys.cn:8088/project/detail/2206,2015.07.31
随心播,《随心播》是一款在智能手机终端或PAD使用的、通过3G/4G/wifi网络进行传输，用户只需一键即可通过智能终端摄机头进行数据采集，发起现场视频直播的一款新型手机随录随拍产品。用户可将直播分享给好友，以网页链接、视频直播流地址等方式，通过到QQ、微信、短信等渠道分享给他人发起现场观看。本产品可泛应用于婚庆现场、精彩赛事、演唱会、朋友聚会、自然灾害等现场直播，还可以进行将直播的视频进行网络录像存储及精彩回放。,http://zzkf.bigcloudsys.cn:8088/project/detail/2207,2015.07.31
便民位置查询, 便民位置查询是一款基于移动互联网和智能终端的平台软件，目的是为了方便用户查找各种便民终端（如自助缴费终端、自助售货机、公交车等）的位置，提供一种更完善便利、可以随时随地查询便民终端的服务。便民位置查询平台是借助移动M2M管理平台提供的强大M2M终端监控能力，获取便民M2M终端的地理位置及运行状况。该平台不仅可以查询附近的自助缴费终端、自助售货机等便民终端的位置，也可以查询公交车预估到站时间及运行状况等。 ,http://zzkf.bigcloudsys.cn:8088/project/detail/2331,2015.07.31
手机微商城,手机微商城是面向移动互联网渠道开发和部署的管理系统，通过搭建微商城，开拓移动端销售渠道，实现面向不同渠道（微信、支付宝、APP、短链等）提供统一的终端销售支撑管理平台，具备终端销售、客户维系、活动配置、厂商管理、客户中心、报表体系等功能。通过提供一个面向移动互联网的终端销售管理平台，实现厂商快速灵活的产品上线展示、活动配置、产品管理和订单配送等机制，从而提升用户平台体验和促进终端产品销量，发挥移动互联网的渠道价值。,http://zzkf.bigcloudsys.cn:8088/project/detail/2052,2015.07.28
治愈系聊天萌友机器人“大萌”,“大萌”是能判读情感的个人化机器人，随时随地以动人的声音、表情和动作为用户提供贴心关怀、安慰陪伴、赞美鼓励、逗乐愉悦、娱乐资讯、教学等交流互动，满足现代人与人交流和分享、获得安慰和鼓励（正能量）、放松解压和找乐、发泄负面情绪等心理需求和社交体验需求，以及互动学习的需求。中文名大萌别名用户指定取名年龄1（2015年）个 性体贴关怀、逗趣幽默、调皮机智、温柔淡定、包容有教养、永远正能量。。。技 能会看脸色、会聊天、会逗乐、会唱歌、会摄影、会演奏、播新闻、会教学（私教）、角色扮演、随身提词机。。。擅 长逗比达人、风趣段子手、音乐达人、厨艺达人、时尚达人、瑜伽达人、资讯达人、礼仪达人、外语私教、恋爱达人、励志师。。。性别用户指定身高650px体重300g标志●●三 围XXX镜头超光谱镜头长 相显示屏显示各种人物音 色各种人物的声音 注：用户可按个人喜好设定长相、音色、别名、擅长、技能、性别。,http://zzkf.bigcloudsys.cn:8088/project/detail/2318,2015.07.31
优优小宝,优优小宝: 一款面向小学生群体，方便教师、家长在学生教育及学生在校情况进行全方位沟通的家校互动产品。通过移动端的即时通信、消息通知等模块，有效实现家校沟通的各项需求，加强学校、老师和家长之间的连接，开辟一种全新的家校沟通方式，将教师、家长及学生之间的联系推向一个更广阔的空间。,http://zzkf.bigcloudsys.cn:8088/project/detail/2108,2015.07.30
基于客户端的端到端业务感知质量监测分析产品,通过端到端的业务自动化测试和IP网络包、无线信令包采集，后台结合数据包进行深度分析，实现业务网络调度质量分析和用户体验提升目标。产品能完成掌握真实的业务用户体验数据，包括应用的启动性能、访问等待时长、应用访问成功率、终端性能消耗情况、网络资源调度情况等信息。同时发现影响用户体验的关键问题节点，以进行针对性问题分析解决和优化。最终建立测试发现问题、问题解决、问题复测流程，促进问题闭环解决。,http://zzkf.bigcloudsys.cn:8088/project/detail/2119,2015.07.30
优优小宝,“优优小宝”是一款面向小学生群体，方便教师、家长在学生教育及学生在校情况进行全方位沟通的家校互动产品。通过移动端的即时通信、消息通知等模块，有效实现家校沟通的各项需求，加强学校、老师和家长之间的连接。希望开辟一种全新的家校沟通方式，将教师、家长及学生之间的联系推向一个更广阔的空间。,http://zzkf.bigcloudsys.cn:8088/project/detail/2136,2015.07.30
运动吧,该APP可实现线上赛事发布、赛事报名、门票购买、视频直播、互动交流等功能；线下可实现场地预约、体育队伍组建、同城约战等功能。在具备以上功能的同时，可延伸至旅游、体育用品、保险、彩票、体质检测、健康管理、健身定制等。该应用程序涵盖游泳、羽毛球、乒乓球、网球、篮球、足球、台球、健身、等体育项目。,http://zzkf.bigcloudsys.cn:8088/project/detail/2398,2015.08.03
生命周期管理框架,,http://zzkf.bigcloudsys.cn:8088/project/detail/2146,2015.07.31
赚钱宝APP产品,客户：云南移动客户（使用智能机+安装赚钱宝）使用赚钱宝，免流量看广告、得金币（金币可兑换话费等）公司：云南移动公司，负责赚钱宝开发、运营、管理及盈利商家：有面向客户的移动互联网广告、短信群发广告需求商家,http://zzkf.bigcloudsys.cn:8088/project/detail/2407,2015.08.03
移动淘金,“移动淘金”是一款整合12580商家资源并引入后向收费模式的APP应用，商家通过APP发布新品体验、在线调研、促销活动等内容，用户在线参与并获得“金币”奖励，用户使用“金币”即可兑换移动各项业务，用户兑换移动业务所产生的费用由商家承担。产品功能特色用户使用手机完成一些商家发布的简单任务即可拿到现金（金币）报酬。APP上承载各种商家轻松简单又有趣的任务比如用户可以通过签到、参与问卷调查、用户邀请、体验手机游戏等，通过完成指定操作就可以轻松获得相应的现金（金币）奖励。用户可以使用获取的现金（金币）来订购移动的各类业务（视频，彩铃，流量，话费等）。整合12580商家资源、用户完成任务获得金币、金币在线消费、费用结算四大功能。,http://zzkf.bigcloudsys.cn:8088/project/detail/2410,2015.08.03
看脸APP-可以匿脸的交友软件,"   看脸APP是一款基于图片分享的社交应用。用户在个人主页上分享照片，应用可以提供丰富的贴图素材资源以及滤镜，让用户指定或者自动遮挡图片的某一部分，其他好友和用户必须通过回答问题、送礼物、完成挑战、直接索取等方式才能看到无遮挡的照片。
    看脸APP还具备常见社交应用的基本功能：可以查看你附近的人的遮挡照片，查看最多人求看的照片，找到破解别人照片最厉害的人，也可以在非好友情况下限时聊天，或者通过有趣的申请功能添加对方为好友进行聊天，关注对方最新图片动态等等。还能把求看脸记录分享到微信、飞信、微博。 ",http://zzkf.bigcloudsys.cn:8088/project/detail/2262,2015.07.31
微信商城微信平台, 微信平台项目是基于HTML5技术在微信平台搭载的电子商城，属于B2C商业模式。微信平台是我司在微信商城基础上的再次创新，突破传统终端销售形式的束缚，为打开终端销售渠道做出新的尝试。 ,http://zzkf.bigcloudsys.cn:8088/project/detail/2281,2015.07.31
生活号码百事通,生活号码百事通项目主要面向个人用户提供社会生活中各类社会服务以及商户的电话号码查询与免费拨打功能，内容主要涉及到相关行业的名称、地址、电话号码为主体的内容，相当本地的工商企业的户口本，实现可免费拨打的手机黄页APP。,http://zzkf.bigcloudsys.cn:8088/project/detail/2197,2015.07.31
接入网客户智能管理系统,目前，中国移动有线接入客户对所使用的业务的运行、使用、故障处理等情况均处于“不了解”的状态，客户对业务的感知度低、定制化程度低、市场黏性低，在激烈的市场竞争环境下，使得中国移动的宽带市场处于不利地位。  本产品通过在客户手机上安装APP客户端，将客户手机升级为中国移动接入网客户智能终端，使客户可以实时了解到客户已开通有线接入业务的使用情况，智能化开通各类业务，提高业务服务质量，进一步加强客户的市场黏性。  本产品涉及各传送网及接入网网管、多个业务相关管理系统、Internet及相关承载网络等，主要功能为：客户可通过手机APP客户端自行完成各项有线接入网业务的处理工作，主要有业务报装、新业务申请、业务自动开通、业务使用情况查询、业务状态查询、故障申报、客户端自行故障检测（仅针对带WiFi的HGU终端设备）等与业务直接相关的各项功能。,http://zzkf.bigcloudsys.cn:8088/project/detail/2507,2015.08.05
i自习,,http://zzkf.bigcloudsys.cn:8088/project/detail/2254,2015.07.31
移动帮你找孩子,移动帮你找孩子的核心功能是基于中国移动庞大的用户群和网络覆盖，在最快时间内将失踪孩子的信息在最可能的范围内推送，借助社会力量，帮助找回失踪的孩子。远期愿景是聚合尽可能多的社会媒体平台，打造中国版“安珀报警系统”。调动全社会力量，对儿童拐卖绑架犯罪形成震慑，防范犯罪发生。产品功能特色：移动帮你找孩子，主要基于中国移动现有网络系统、位置技术、定向短信推送技术，新增失踪/线索信息登记、分析、信息审核、推送、信息展现等服务功能，建设web服务平台，聚合其他信息渠道，让用户获得并生产信息。核心功能点：1、支持上传失踪孩子相关信息和线索2、存储、分析、更新相关信息3、内部审核；推送/提供外部（政府机关）审核4、推送/发布寻找孩子信息。在第一时间，根据可能范围，重点目标人群，有目的的推送，例如火车站，码头，汽车站等特定区域；公安人员、列车员、汽车司机、安检人员、高速收费人员等特定人群；重点范围内普通移动用户。推送信息更新。5、用户上传可能失踪孩子的线索、照片、车辆等信息6、支持其他系统接口接入（承载信息推送），例如电视广播广告终端，网络媒体社交平台等7、支持家长寻找孩子途中发布求助信息，本地爱心人士提供帮助的交互平台8、支撑其他企业、机构或个人捐赠，提供技术服务、系统支持等。,http://zzkf.bigcloudsys.cn:8088/project/detail/2227,2015.07.31
我们一家,,http://zzkf.bigcloudsys.cn:8088/project/detail/2233,2015.07.31
“近邻” - 社区管理工具与互动平台 APP开发方案, 目前，城市化发展进程加快，借助房地产商的优势让更多城镇居民以楼宇社区为单位安家立业、抱团生活；但作为代表社区的物业管理机构在日常社区维护中出现：管理工具缺乏、沟通不充分而导致的管理手法粗放，无法满意住户日益增大的沟通与个性化服务的需求，邻里关系变得冷漠，疏远，不信任。近距离交友软件层出不穷，如微信，陌陌等，但具有社区功能的手机工具尚未出现，我们设计“近邻”APP应用软件，增加社区信息共享、事务投票、活动组织、优惠共享、成员交流等版块，让社区物业机构在手机平台实现精细化管理，各住户通过近邻手机平台信息交接更紧密、社会关系更和谐。 ,http://zzkf.bigcloudsys.cn:8088/project/detail/2346,2015.07.31
伪基站短信智能实时识别APP,,http://zzkf.bigcloudsys.cn:8088/project/detail/2388,2015.08.03
便民医疗小助手,便民医疗小助手是一款和医疗相关的APP，功能包括：医院地图、检查结果推送、病历夹、医院挂号、医院就诊流程、家庭医生、讨论区等七个功能。APP主要给患者用户提供医院科室分布指引、医院检查结果的推送和通知、医院就医的流程介绍，为患者就医时提供方便；该APP还为医生提供了病历夹的功能，用于医生记录病历等用途；医院地图功能还为医院工作人员减少导诊工作，检查结果推送也可为医院的无纸化工作的推进，减少医院的材料耗比；APP还为用户提供家庭医生功能，可在家治疗简单的疾病、伤患等；APP提供讨论区，可供患者、医生讨论病情等；APP主页上方有营销轮播图，可设置轮播的广告数，可以推广中国移动自有业务、近期活动，也可以招商，播放各医院的宣传广告。,http://zzkf.bigcloudsys.cn:8088/project/detail/2144,2015.07.31
阳光厨房, 阳光厨房APP产品，基于现有的兼容多厂商多协议视频接入视频监控平台，提供在找饭店、定外卖场景下，为用户提供使用移动终端直接观看后厨直播视频的功能，满足了用户对食品安全强需求。 同时可转化为插件产品接入到外卖APP、大众点评网等团购APP中，增加电商的用户访问量和交易量，实现与互联网公司的合作，发挥各自优势渠道，实现共赢。 产品支持多场景下多方式快速接入观看，弹幕评论，互动有趣。视频资源美化功能，秒变宣传大片；用户可一键分享至朋友圈、微博等社交圈，扩大宣传，该产品拓展了视频监控在餐饮行业的发展。,http://zzkf.bigcloudsys.cn:8088/project/detail/2440,2015.08.03
和请柬产品,,http://zzkf.bigcloudsys.cn:8088/project/detail/2433,2015.08.03
和家装,,http://zzkf.bigcloudsys.cn:8088/project/detail/2436,2015.08.03
健康产业云服务, “健康产业云服务”通过一整套的产业服务解决方案，帮助民营健康产业规范服务、产业升级、提升整体竞争力。通过产业资源的整合、共享及大数据分析、挖掘，形成合理的产业分工、提供优质的医疗服务，同时在产业范围内建立患者对医院、医生、护士甚至医疗设备等医疗服务各项元素的反向评价机制。通过优化正向服务水平和建立反向评价制衡机制，倒逼民营医院及其医务人员提升服务水平并合理收费，帮助产业向移动互联网转型，帮助协会强化产业掌控力，规范行业行为，改变中国民营医院游医天下、混乱无序的局面，帮助老百姓解决看病难、看病贵的社会顽疾。,http://zzkf.bigcloudsys.cn:8088/project/detail/2450,2015.08.03
和问卷，和生活,我们的团队目标是结合中国移动的特有优势，开发一款专业的问卷调查平台产品。专注于为用户提供强大的、人性化的在线设计问卷、采集数据、调查结果分析系列服务，具有快捷、易用、低成本的优势。用户可以不仅在该平台轻松依据现有模板创建在线填写的网络问卷，也可以根据客户特有需求创建特色的问卷以及可以通过平台向广大用户征集问卷，然后可以通过平台特有的问卷发布模块发布，让平台其他用户来填写，也可以通过QQ、微信、微博等方式将链接及二维码发给好友填写，本平台可以自动对结果进行统计分析，用户可以随时查看或下载问卷结果。本平台还设置了生活服务园区模块，以广大社会人士所关注的话题为方向，以问卷调查为手段，以大数据分析平台为支撑。主要目的是增加网站知名度，获取客户消费的流量费用，同时增加客户粘合度。,http://zzkf.bigcloudsys.cn:8088/project/detail/2457,2015.08.04
无人勘测分行器,无人勘测分行器采用锂聚合物高性能电池提供动力，无燃油，整体结构为碳纤维。重量轻、尺寸小、速度快、能耗低。能够适应各种复杂环境；具备自主起飞和着陆能力，对起飞着陆地点的要求很低，且高度智能化，另外它结构更为紧凑，动力利用效率高，可以根据任务要求进行悬停和巡逻。特别是在很有限的空间环境下，它可以保持静止不动的悬停或做机动飞行的启动。飞行时，无需跑道，在较小的面积下可以完成垂直起降。无人勘测飞行器的设计初衷是因为通信工作人员在日常工作中经常遇到地形复杂无法进行准确的信号测试以及地形勘测，为了解决这些问题并结合近几年大热的无人机，DEVELOPER团队结合自身经验开发了无人勘测飞行器，并在制作过程中发现无人勘测飞行器的潜力，拓展了新的功能，例如跨河布缆、定向边缘测试、测试塔高、GPS定位等新功能。,http://zzkf.bigcloudsys.cn:8088/project/detail/2414,2015.08.03
打车类软件使用客户出行OD研究模型," 目前打车软件人如雨后春笋般出现在人们的面前，目前已被人们熟知的打车软件已经有几十种，由于打车市场的不规范，在某种程度上加剧了原有公共交通资源的分配矛盾，打乱了出租车打车和应用订车的公平竞争环境。因此及时了解打车软件使用情况，有助于政府及相关部门进行交通资源规划及相关车辆进行监管。OD是进行交通规划和路网管理的重要基础信息,是反映出行需求空间分布的重要参数,其准确程度将影响交通资源规划的效果。基于此特研究打车类软件使用客户出行OD模型。 ",http://zzkf.bigcloudsys.cn:8088/project/detail/2166,2015.07.31
全民报路况,用户下载APP并注册后，不仅可以实时查看深圳路况，而且可以主动上报自己所在区域的路况，开启位置数据上传功能上传自己的位置信息，并给出路况信息拥堵，缓行，施工等。系统接收到用户位置信息数据后在地图上绘制交通路况图，道路为红色表示交通拥堵，橙色表示车多缓行，绿色表示通畅；并且进行相应的事件标记，事件的图标可以标记影响的路线长度。,http://zzkf.bigcloudsys.cn:8088/project/detail/2174,2015.07.31
《SMARTDOG》产品," 随着社会老龄化程度的加深，空巢老人越来越多，已经成为一个不容忽视的社会问题。 当子女由于工作、学习、结婚等原因而离家后，独守“空巢”的中老年夫妇因此而产生的心理失调症状，称为家庭“空巢”综合征。随着我国经济的发展，老龄化问题日益突出，其中“空巢老人”现象尤其引人关注。2012年10月29日，首届全国智能化养老战略研讨会介绍，空巢老人比例很大，到2050年，我国临终无子女的老年人将达到7900万左右，独居和空巢老年人将占54%以上，空巢老人的养老问题，也再次引发关注。   随之而来空巢老人年龄增大，身体机能下降，出现疾病突发及跌倒时无法及时告知家人及相关人员，抢救不及时，导致病情恶化等。  “SMARTDOG”产品针对空巢老人的这种情况，给老人提供及时求救的工具，产品具有GSM通信功能,老人穿戴“SMARTDOG”终端在紧急情况下下可以按下“SMARTDOG”上的求救按钮，“SMARTDOG”穿戴设备，通过GSM网络将求救信号发送至我们提供的服务平台，服务平台将求救信号以短信，APP消息推送等发送到已设置好的手机号码和社区联系处发送求救信息。",http://zzkf.bigcloudsys.cn:8088/project/detail/2196,2015.07.31
和停车,"和停车是一款关注有车一族出行停车的产品，由于现在车越来越多，商场的停车场也越来越大， 为了避免客户一圈一圈地找停车位，在商场消费完后还会出现找不到车停在哪的情况，有了和停车，用户在停车时可以收到停车位空闲情况，并通过APP指引直接前往空闲停车位，停车后还可以收到各类商铺的优惠信息，有效优化在商场的客户体验，节省了大量的停车时间。在找车方面，和停车提出首先使用二维码进行定位，节省大量硬件设备。在传统定位失效的情况下，通过陀螺仪定向、加速传感器定位移量、气压传感器辅助确定高度，获取各时间点相对初始状态的三维位移数据，实时、简单、低功耗。和停车主要的功能有停车指引、找车指引、预约停车、刷二维码付费、时间提醒、停车场评价共6个，具体描述详见1.4产品使用场景。产品的功能特色主要有以下几点：（1） 通过手机扫描二维码的方式实现交费、找车，节约大量的硬件成本及人力成本,也省去有车一族专门到缴费点交停车费的时间；（2） 如果某一时间段内前往某一商场，根据周围停车场的空闲情况可以提前预约停车位；（3） 首次将停车与商场的推广结合起来，二维码可扩展空间大，后续推广有较大空间。（4） 面对停车场三无（无Wifi，无移动网络，无GPS）的特点，先通过扫描二维码锁定停车区域的方法，通过静态指引图像找车。如果用户有进一步需求，在传统定位无效的情况下，通过陀螺仪定向、加速传感器定位移量、气压传感器辅助确定高度，获取各时间点相对初始状态的三维位移数据，实时、简单、低功耗。",http://zzkf.bigcloudsys.cn:8088/project/detail/2226,2015.07.31
O2O宽带自助服务平台, 为构建宽带业务自助服务体系，打造O2O宽带营销服务模式。中国移动通信新集团云南有限公司市场经营部基于“云南移动网上营业厅（www.10086.cn/yn）”和“云南移动微信营业厅”搭建了O2O宽带自助服务平台，为广大宽带用户提供在线预约安装、宽带预约续费服务。1、O2O宽带自助服务平台宽带预约及续约服务，有利于拓展“互联网+”时代背景下的新市场领域、新商业模式、新服务模式。2、O2O宽带自助服务平台的应用推广顺应电子渠道转型运营要求，可进一步探索和培育公司电商化经营能力。3、O2O宽带自助服务平台的推广使用，用户足不出户即可实现宽带覆盖资源查询、宽带预约安装、宽带业务续约等服务。4、O2O宽带自助服务平台可让宽带营销人员第一时间即可获取预约用户精准需求信息，实现宽带销售能力和用户体验的有效提升。 ,http://zzkf.bigcloudsys.cn:8088/project/detail/2420,2015.08.03
和.人间,,http://zzkf.bigcloudsys.cn:8088/project/detail/2425,2015.08.03
等等企业顺风车专家, 企业“两岸三地”办公现象越来越普遍，许多员工每日辗转于多个城区或郊区的办公地点办公。然而，多地办公不可避免会产生以下“痛点”结伴外出开会、集体赶飞机或火车、文件、物品的稍送都成了麻烦事。员工们只能线下找同事、群发邮件或微信圈来自行解决，因而时有“XX刚走，早知道就好了。”的遗憾。这不仅降低了企业工作效率、增加了员工交通或快递费负担，而且痛失了增进员工之间互爱互助的机缘。 “等等顺风车”是一款专为企业员工之间交换自己交通信息的移动信息平台。一方面，无论是员工本人，还是企业的文件或设备需要搭其他员工的顺风车时，均可通过“等等顺风车”找到潜在的小伙伴帮助；另一方面，员工可以通过“等等顺风车”，接收小伙伴们的任务请求，并获得相应的积分奖励，最终可以兑换为与爱车养护相关的小礼品（如加油卡、洗车卡等）。,http://zzkf.bigcloudsys.cn:8088/project/detail/2566,2015.08.06
和流量, 从2014年4G元年开始，行业“流量红利”时代全面开启。从用户角度来说，运营商当前的流量清零模式一直是用户诟病的痛点；从中国移动集团公司战略来说，深耕“流量经营”扩大流量红利，是迈向明天的重要跨越，是在第三条曲线成长前的重要阶段；从国家战略高度来说，“大众创业、万众创新”成为新态势，而互联网是最能体验创新精神的产业。因此本次“和流量”APP产品希望能有效结合这三个方面，也即着眼“用户痛点”，立足“企业重点”，围绕“国家高点”。“和流量”APP产品从用户、企业、国家三个层面依次寻找落地点，主要包括以下三个特色功能：1、流量银行。主要落实用户层面，是产品的第一层次，也即将用户的流量货币化，让流量变成一般等价物，初步形成流量货币生态圈，具体如下：（1）用户的剩余流量可以直接存储在流量银行，可以产生流量利息也可以转送给身边的亲朋好友，将流量成为虚拟世界的基本货币单元，这样首先解决用户对流量清零的这个痛点问题，同时流量货币化是后面两个功能落地的基础。（2）设立用户积分制度，用户可以通过完成指定任务（如下载应用、广告观览）领取相应积分，积分可进一步兑换流量。2、流量商店。主要落实企业层面，是产品的第二层次，也就将用户货币化的流量与企业重点发展业务相结合。比如针对VoLTE和CA业务以及未来的RCS业务等，可以直接放于流量商店中。用户可以通过手里的流量直接兑换相关高端业务产品以提供更好的业务体验（前提是用户的终端支持）。这样不仅可以有效地宣传和推广公司未来的业务，而且可以调动用户对流量消费的积极性。3、流量创吧。主要落实国家层面，是产品的第三层次，也就将用户货币化的流量与万众创新结合。用户在创吧中可以直接众筹创业项目，而众筹的经费则以流量为单位，所有创吧的注册用户可以直接将自己流量银行的流量货币用于支持自己认可的创业项目，同时中国移动也会对创吧给与实际的物质支持。比如可以以每月为单位，对于每月最终众筹的流量排名TopX的项目中国移动可以直接将流量兑换成实际项目经费，同时中国移动还将再给与同等额度的经费用于支持项目。通过流量创吧可以有效地调动用户的创业激情，并从企业层面给与最有效的支持以鼓励万众创新。,http://zzkf.bigcloudsys.cn:8088/project/detail/2066,2015.07.29
知行,,http://zzkf.bigcloudsys.cn:8088/project/detail/2562,2015.08.06
一镜一动，一见倾心，打造您的云健康,   您知道如何吃出健康、吃出美吗？ 您知道家里有老人、孕妇、小孩、亚健康、三高人群，24节气下九种不同的中医体质人群分别该如何吃吗？1、您是否发现，周围有些人吃辣不上火，有些人会？同样的人在上个月吃不上火，这个月吃就上火？这是因为不同体质、不同天气、节气对饮食养生方案是不同的。2、未来一天也许是这样开始的：（1）智能手表根据最适合您体质类型的起床时段、在您浅睡眠状态下（最佳唤醒状态）将您唤醒。（2）到了卫生间，嵌入地面的体重秤识别您的身份，上个厕所，智能马桶检出尿检的21项指标（评估危险疾病风险）；（3）到镜子前伸出舌头拍个照，镜子（触摸屏）显示:“您体质为气虚质，有轻度脂肪肝。根据您体质的72候养生方案，近五天（处暑后6日-10日），适合吃温性食物，萝卜、枸杞，不适合凉性食物，如西瓜。根据您和家人体质类型和身体情况（有孕妇、有老人、有糖尿病人、脂肪肝），建议本周健康食谱如下：‘胡萝卜炒蛋’请选择今天的菜单，本来生活网从中国移动物联网溯源健康认证的蔬菜基地，提供食材，为您切好，配好佐料量，送菜上门，今晚您下班只要小炒即可。”未来健康管理是适合懒人经济的（无缝的融入人的日常生活），物联网不仅被动接受指令，还能主动给出最佳建议。本项目在小组成员多年积累和专利技术的基础上，整合业界优势资源，以占总人群70%的亚健康人群的“72候养生”等无缝健康管理为价值切入点，整合中国移动多项优势能力，提升手机报等多项现有业务用户价值，希望打造一个面向后向餐饮、健身、保健品、导医的O20“互联网+”入口。我们产品包括如下模块：一个触摸屏镜子、连接相关健康智能设备的健康网关apk、舌相模块、平台 ,http://zzkf.bigcloudsys.cn:8088/project/detail/2563,2015.08.06
基于智能手机的虚拟电视电话会议,,http://zzkf.bigcloudsys.cn:8088/project/detail/2264,2015.07.31
基于二维码识别的智能资管系统,基于二维码识别的智能资管系统，服务中国移动众多的私有云项目，便于运营维护人员及时掌握私有云的运维状况，及时作出运维决策，从而实现运维过程中人力的节省，降低运维成本。,http://zzkf.bigcloudsys.cn:8088/project/detail/2549,2015.08.06
和智推移动广告平台,,http://zzkf.bigcloudsys.cn:8088/project/detail/2448,2015.08.03
爱家绿化, 以健康和家居绿化装饰为切入点，开发手机客户端，搭建线上社区，提供家居绿化装饰解决方案，打通客户到花卉基地的线上订单和支付通道。绿色植物可租可卖，通过装饰更新或花卉养护增强用户黏性，中小型的花卉基地负责线下服务。移动提供平台和能力，抽取佣金。 ,http://zzkf.bigcloudsys.cn:8088/project/detail/2203,2015.07.31
移动宝宝在线,集园区公告、实时直播、班级相册、成长轨迹、通讯录为一体的宝宝在线手机应用园区公告：方便幼儿园与家长沟通，将幼儿园的各种通知统一下发给家长。实时直播：家长可通过实时直播系统远程观看儿童的实时情况，校方管理人员可通过实时直播系统实时掌握整个园区的安全态势，对园区安全做到心中有数。班级相册：班主任、任课教师可以通过手机拍照、短时录像功能上传班级活动、课堂情况等图片及短视频，开放给班级内儿童家长、校方领导观看。成长轨迹：家长可以通过手机拍照、短时录像功能上传儿童照片、短视频等，开放给班主任观看，并在期终制作成长轨迹资料文件给家长留存。通讯录：校方、家长的联系方式查询，方便联络。,http://zzkf.bigcloudsys.cn:8088/project/detail/2459,2015.08.04
移动互联网“移”号通,本手机支付不要求用户更换手机及U/SIM卡，同时手机能真正地做为POS机，实现“无处不POS”。本技术不仅能对所有手机远程及近场支付进行可靠的安全防护，且还实现了将各类互联网账号统一为一个手机号码的免密码一键登陆功能，功能如下： 1、创新性：本产品通过对手机U/SIM卡的鉴权实现对用户身份的鉴别，目前国际上还没有将U/SIM卡鉴权技术用于手机支付的身份认证。  2、实用性：本产品不需用户更换手机及USIM卡，仅利用手机原有的功能设施便能可靠地进行手机近场支付（二维码扫描或NFC均可），业务可快速直达用户，可节省近100亿NFC手机补贴费用。3、普及率：本产品不怕木马病毒劫持，全国近6亿部智能手机能真正地作为商户收款POS机，不论是大街小巷还是地摊夜高超市均可将手机用作POS机。由于木马病毒侵袭的原因，目前全球还没有真正意义的互联网手机POS，本技术可节省近100亿的专用POS升级、改造费用。 4、商业性：2014年度手机支付规模8.24万亿元，2015年一季度第三方支付额达2.83万亿元。  5、近场交易方式灵活、实用：可以是蓝牙，也可以是NFC，且NFC可以是2.4G频率，不惧第三方截获及中间攻击。  6、对如支付宝、微信等的用户远程账户及网银资金进行深度保护。 7、本支付系统建设成本低、产业链条短、业务普及快、实用性强。 8、大数据+信息化。利用本系统用户消费的庞大数据，助力政府或金融机构建立用户及微小企业的信用星级评定及金融授信体系。  9、实现业界寻求的“终极目标”：以手机号码作为互联网各类账户的通用账号，实现“即时通信、社交网络、电子商务、邮件、互联网金融”等全互联网业务的免密码一键登陆，即，“移”号通。 10、本产品可与苹果Apple Pay比肩、与BAT媲美，特别在苹果、三星的嵌入式eSIM（embeded SIM）淘汰SIM卡的浪潮即将来袭之时，本业务依托中移动的RCS（融合通信）捆定用户，将OTT占领的市场抢夺回来。,http://zzkf.bigcloudsys.cn:8088/project/detail/2465,2015.08.04
2015开发大赛-和指数,,http://zzkf.bigcloudsys.cn:8088/project/detail/2477,2015.08.04
泡泡糖梦工厂PPT神器, 三百六十行，行行出PPTer。你是否经常突然接到一个任务，加班到深夜准备第二天的会议材料？你是否发现表达的思想并不复杂，但到处找模板找素材浪费大量时间？你是否面对一堆素材，却发现要按自己的思路整理出来困难重重？你是否曾经费尽心血完成报告，却发现并不是领导或客户想要的？……吐槽于事无补，但技术可以改变生活！ “泡泡糖梦工厂”，帮助你将所有这些问题一扫而光。谈笑间，PPT浑然天成！“泡泡糖梦工厂”是基于云计算SaaS服务、大数据挖掘与分析、敏捷开发等技术和理念建立的一套智能化、高效率企业协同办公系统。根据PPTer想要表达的思想，平台可以快速搜索公司内部的知识库、提取相关信息和素材，自动生成报告原型，并帮你组成最适合的团队对报告进行优化。“泡泡糖梦工厂”让各种报告、培训、方案等材料的编写变得高效便捷，使PPTer的双手和大脑能够从低水平重复劳动中得到解放，更多投入创新，促进企业飞跃！ ,http://zzkf.bigcloudsys.cn:8088/project/detail/2487,2015.08.04
偶像闹钟,偶像闹钟：一款专门服务于偶像fans们的，基于运营商特有资源的移动互联网产品，从用户内心触发使用闹钟的使用，以闹钟为切入点和入口平台的多边应用。客户端+语音群呼+短视频推送+粉丝级别（根据不同级别，提供偶像内容）+周边产品（定制手办、玩偶、写真、最新消息、最新作品速递、专属活动等等）。,http://zzkf.bigcloudsys.cn:8088/project/detail/2527,2015.08.05
灵动位置,一、产品功能1.根据基站定位（LBS），在手机上实时显示当前所在行政区位置（至少到县一级），可以采用替换“中国移动”或与“中国移动”交替显示方式。定位根据基站LAC信息，也可结合CID信息。2.根据基站定位（LBS），在状态栏或手机桌面小工具上显示当前粗略位置。3.根据基站定位（LBS），自动进行情景模式切换和到达离开提醒。4.充分利用大致“位置”，作为当地服务入口。5.能通过短信发送位置信息（LBS），该位置可以被地图软件（至少“和地图”）所识别，并显示。二、产品功能特色仅利用基站定位，不需要连接数据库，不需要地图软件和打开费电的GPS软件，仅仅根据基站的归属信息，大致判断手机所在行政位置。精度至少到行政县一级，如果采用桌面插件精度为主要地理标识。并可根据基站信息进行简单定位。基于大致位置提供相应设置和位置服务。三、产品使用场景由于人员和手机当前流动性大，用户经常对自己所处行政位置不熟悉。随时打开GPS和地图又太麻烦，关键是费电，并且受环境影响较大。本产品利用基站进行实施定位，耗电少，响应快。应用场景包括：1. 提供手机实时行政位置。两种显示模式：模式一：“行政区位置”（地市+县或区，不大于6个字，如“北京海淀”，“呼市赛罕”）与“中国移动”标识，交替显示。这个需要嵌入到空口或SIM卡中；该部分可以采用单基站定位或仅通过LAC码。模式二：依托软件，生成桌面小工具或显示到状态栏，按照设定，显示实时行政位置，采用多基站定位（根据LAC和CID），可以多个字，还可以显示主要自然地理位置（旅游景区、高速、国道、山川河流等），可以同时显示定位精度。（也可避免网络边界漫游费纠纷）2. 用户定位位置情景模式转换：如用户定位“办公位置”，“家”，经常“开会位置”都可以，自动打开“Wifi”，“降低屏幕亮度”，“调整声音”，甚至自动打开某个应用程序。这个位置是一个粗略的位置。不需要非常精确。触发信号为“进入”或“离开”。3. 位置告警“用户到达或离开某个区域，需要告警提醒。典型的乘公交车提醒。4. 政府下发特殊警示信息，特别是区域发生危机事件或特殊区域（如军事禁区、危险区域等）。5. 为某些地域服务的移动入口（做虚拟接口）。触发后进入当地移动当地服务（可以自动转到当地政府服务网站）。,http://zzkf.bigcloudsys.cn:8088/project/detail/2532,2015.08.05
爱的储蓄罐,该产品是一款手机APP产品，设计理念是用户可以存储自己与亲友的甜蜜瞬间，搭建亲友间沟通的桥梁。通过传递小纸条、互送爱心缓解僵持的人际关系。关注亲友的动态信息，分享自己幸福的时刻，能够互相增进亲情、友情及爱情。,http://zzkf.bigcloudsys.cn:8088/project/detail/2192,2015.07.31
流量矿工APP及插件, 流量矿工APP是一个聚合了各类免费赚流量活动的客户端，用户安装之后可以找到最全面的免费赚流量活动，并通过参与感兴趣的活动获得相应的流量奖励。而商家可以向我司购买流量并在流量矿工的平台发布活动，在后台轻松配置活动内容，借助大数据分析能力实现精确营销目的，并利用流量矿工的入口提升营销推广效果。该产品将为商家和流量紧缺用户搭建一个互利互惠的平台。 ,http://zzkf.bigcloudsys.cn:8088/project/detail/2453,2015.08.03
游迹,游迹即游客实时轨迹专家，利用运营商基站数据，实现用户轨迹跟踪、热门景点热力图展示功能，为游客制定、修改出行路线，生成旅行轨迹、寻找导游等提供服务的平台。,http://zzkf.bigcloudsys.cn:8088/project/detail/2310,2015.07.31
悟空车位,致力于全社会的车位共享。私家车位，企事业单位车位，都能在闲时被充分利用和相互分时租赁。,http://zzkf.bigcloudsys.cn:8088/project/detail/2374,2015.08.01
和旅行,     和旅行导游管理终端和游客终端组成移动互联旅行团队群组，终端内含SIM卡，可以实现通话、定位、信息传送、旅客管理等功能。每个终端有唯一标识。支持群发消息。导游将终端发放给每位游客，导游通过管理终端的游客地图定位了解游客所处位置、行进路线和游客信息。管理终端能够向游客终端群发信息和指令，提示游客应该前往地区和时间。导游发现游客未在规定旅游区域、未按时到达指定地点、靠近危险区域、走失等情况，通过定位系统查找游客并向游客发送指令和帮助信息。游客终端也能够通过定位系统显示其他游客、导游的位置和导游的信息，游客终端能查询本次旅行旅游车的车牌号、位置、导游电话、景点信息、旅游计划、路况、餐厅、住所、卫生间等信息，可向导游发送信息获取帮助。和旅行用地图信息和定位系统发现游客在景点行进路线与预设路线不一致时，对游客自动提醒。 ,http://zzkf.bigcloudsys.cn:8088/project/detail/2402,2015.08.03
和信用,根据用户的消费能力、欠费记录、好友信用度等属性，建立信用模型，对消费者个人信用信息进行量化分析，以分值的形式反映个人信用的高低，并可通过高信用分值享受更多地服务，让用户享受更方便快捷的品质生活。同时可对接央行数据，输出信用报告，让用户个人的信用可视化、明确化，成为用户个人贴心的信用管理专家。,http://zzkf.bigcloudsys.cn:8088/project/detail/2309,2015.07.31
移动宽带助手,随着公司光纤宽带业务发展日益壮大，我们的宣传手段已经略显落后，以及办理流程也有待优化。为让在家宽业务发展中，与客户沟通顺畅，加大宣传力度，提高办理效率。结合手机与互联网技术打造适用于一线营销人员及用户的精品APP移动宽带助手。,http://zzkf.bigcloudsys.cn:8088/project/detail/2075,2015.07.29
点点聚, 1、产品介绍：点点聚是一个移动互联网特卖商品导购APP，中国移动手机用户可通过该应用程序浏览相应商家的广告免费获得相应的中国移动手机上网流量，用户在获得各类广告及优惠信息的同时，获取一定流量；而商户在过程中收获广告流量。2、产品定位：“点点聚”是一个移动互联网特卖导购APP。3、商业模式：“点点聚”提供了流量后向收入的商务模式，该产品利用运营商基础通信流量平台的特点，以互联网“羊毛出在猪身上”的思维切入广告市场，实现流量后向收入；同时，整合了社会生活资源，构建在基础通信平台上的社区生活生态圈平台，对移动用户形成更大粘性。4、产品特点：1）产品目标客户群体为90后及网购年轻群体，以流量返利方式作为拉新策略，注册使用点点聚浏览广告，即可获得流量返利。区别于“返利网”模式，客户浏览广告即可获取流量。2）针对90后及年轻群体的消费偏好，以“九块九包邮”等高性价比产品广告作为主打，初期策略主要推送女装、电玩等贴合90后群体偏好的商品广告，并根据客户性别展示不同的广告。3）后续根据客户“买便宜到买品质，再到买品牌、买服务”的消费轨迹，产品从特卖导购向特卖平台转变，抓住潜力巨大90后群体，逐步深挖这个群体消费特征，并引导进行消费升级，创造更多可能性。 ,http://zzkf.bigcloudsys.cn:8088/project/detail/2332,2015.07.31
APP防钓鱼安全SDK产品,APP防钓鱼安全SDK是一款轻型、便捷、可靠的手机应用安全组件，可用于保护交易类、办公类等涉及用户账号敏感信息的移动应用，防止恶意程序将其关键界面劫持替换、钓鱼骗取用户账号信息。本产品在应用运行过程中，全方位实时监测其界面状态，当应用界面被恶意程序劫持替换为仿冒界面时，提醒用户当前为仿冒的钓鱼页面，谨慎输入敏感信息。本产品以SDK形式提供给第三方应用调用，开放标准API接口，可弥补当前应用安全运行保护手段的不足，帮助应用开发运营企业便捷地提升应用安全防护能力。以某支付类应用为例，集成了本安全SDK产品的应用安全防护效果如图1所示。若没有本产品的安全提示，用户在正版应用的使用过程中，难以识别仿冒钓鱼界面，极容易被钓鱼程序骗取支付密码。集成了本SDK产品之后，受保护应用的任意界面一旦被替换，就会主动提示告警。图1 APP安全SDK防钓鱼效果,http://zzkf.bigcloudsys.cn:8088/project/detail/2118,2015.07.30
头手两用式蓝牙体感遥控器,,http://zzkf.bigcloudsys.cn:8088/project/detail/2275,2015.07.31
听吗,"用声音传递验证信息，即通过12590语音平台呼叫用户手机电话，接听成功后自动播报验证信息，可以解决由于短信屏蔽、延时等不稳定情况下造成用户无法及时获取的验证码问题。用途广泛,可以用在用户注册、身份验证、重要资料修改或找回、网上支付、账户认证及相关通知等场景。特点包括：及时响应、效率高；与短信验证码互为辅助；规避运营商短信治理的影响；支持并发功能；避免手机软件拦截； WEB、Android、IOS、Windows等全平台支持。",http://zzkf.bigcloudsys.cn:8088/project/detail/2537,2015.08.05
人口密度预警,该产品面向政府客户，使用CMNET互联网。通过基站信令采集，加上位置信息，计算出指定区域内的人口密度。,http://zzkf.bigcloudsys.cn:8088/project/detail/2307,2015.07.31
一起玩转流量,随着互联网的深度发展，社交平台愈发重要，而互动性也成为了吸引用户的一项重要法宝。为了活跃我们的用户，提高用户粘性，同时也为了创新流量流转方式，培养用户的高流量使用习惯，我们基于原有的流量业务系统推出了本款有趣的“流量社交”APP产品。产品内容如下：用户通过移动终端下载并安装我们产品的APP参与活动，在我们的APP中用户可通过添加好友的方式构建自己的“流量朋友圈”，用户可获知其朋友圈内好友的流量剩余信息，在添加好友时便告知其好友此项信息，好友同意授权加入其“流量朋友圈”后方可获知对方流量信息。用户在获知好友的流量剩余信息后，一方面，用户可向其好友赠送流量，赠送的流量数由用户决定，从其账户中扣除，获赠流量的用户所获流量可即时到账，同时系统将推送一条用户自行编辑的趣味短信提醒。另一方面，用户还可以主动向其好友讨要流量，系统会向被讨要流量红包的用户推送一条用户自行编辑的讨要流量的提醒信息，用户收到后即可选择向对方赠送流量红包。另外，用户还可以将自己本月的流量使用情况以及赠送或获赠流量的信息分享到微信朋友圈或者新浪微博等社交平台，并可邀请朋友一同来参与晒出自己的流量账单。当然，用户在我们的活动页面也可即时地获取自己账户的流量余额并可选择办理相应的流量加油包。,http://zzkf.bigcloudsys.cn:8088/project/detail/2345,2015.07.31
流量宝,流量宝是是一款基于智能手持终端的第三方虚拟货币支付平台应用APP。现有市场上已经盛行很多第三方支付+理财平台，如支付宝、财付通以及我们移动的和聚宝，这些产品大多是通过理财产品和便利支付的模式吸引用户现金盈利。流量宝区别于现有市场上盛行的第三方支付平台，定位于虚拟货币市场，基于用户自身传统通讯服务需求，通过降低使用成本和增加增值服务的方式吸引客户。流量宝主要功能点包括：流量充值功能、流量交易功能、流量挣取功能、流量兑换功能。,http://zzkf.bigcloudsys.cn:8088/project/detail/2230,2015.07.31
基于WLAN大数据的智慧shopping mall数据产品,,http://zzkf.bigcloudsys.cn:8088/project/detail/2517,2015.08.05
移动网络小助手,,http://zzkf.bigcloudsys.cn:8088/project/detail/2266,2015.07.31
人脉,"根据”六度人脉”理论,任何一个人，只要通过六次关系的跳转，可以认识世界上所有的人；对普通人来说，微信、陌陌、世纪佳缘等交友工具，只是更多的让我们开发了二度人脉，而可靠的二度人脉仅在100-300人左右，但是三度人脉将是以“万”为单位的，这个庞大的群体资源，与你个人之间，可以发掘旅游、交友、教育、互帮互助等很多的应用场景，这也就是为什么，我们生活中很多难题，托人介绍下，就能很快解决；而移动运营商内的数据，可以完整的刻画出“三度人脉”图，并且通过通信行为+算法，可以计算出人脉间的联系紧密程度；本产品依托移动运营商的大数据，做成一个APP或者收费的API服务，重点开拓具备信任关系路径的“三度人脉”，发掘增值应用",http://zzkf.bigcloudsys.cn:8088/project/detail/2362,2015.07.31
短信柜, 短信柜是一款小而美主打短信分类的“工具类”软件，专门提供柜式化的短信管理。该APP可以将手机中的短信按照一定的规则归类为不同的类别，使当前繁杂众多的短信以一种简洁易操作的方式呈现。 ,http://zzkf.bigcloudsys.cn:8088/project/detail/2154,2015.07.31
微信公众号“IDC直通车”," 将目前**移动IDC能提供给客户的全部产品进行展示，便于客户经理向客户展示以及客户自行获取。
 产品功能特色互动环节、留言意见反馈环节、IDC行业热点新闻播报、客户需要的各类模板、IDC各类与客户息息相关的规章制五大功能 ",http://zzkf.bigcloudsys.cn:8088/project/detail/2426,2015.08.03
“和数据”分析产品,随着大数据技术的爆发，移动已全面开启了大数据运营时代，我们拥有丰富的用户行为数据，访问内容数据，精准的位置信息，利用先进的大数据存储与计算技术、数据挖掘技术、业务识别能力全面支撑内部网络和市场运营以及外部行业企业客户的运营。为了提升自主开发能力，积极响应集团领导“推动全员创新、自主开发能力，促进创新成果转化的新方式，改善客户业务体验，提升现有业务竞争力，促进公司增收增效，培育创新文化，践行创新精神，提高公司对外开放能力”的号召，。为了快速响应各类需求，将核心能力赢利点产品化，我们做了两个产品维度，为企业提供面向市场的多方面的策略方案。,http://zzkf.bigcloudsys.cn:8088/project/detail/2235,2015.07.31
易维宝IDC掌上运维,,http://zzkf.bigcloudsys.cn:8088/project/detail/2565,2015.08.06
移动快修,   移动快修是一个解决用户手机维修问题的平台，可以为用户提供：手机寄送维修、O2O上门维修、二手机回收等业务。  依托公司现有过亿的省内用户优势，通过移动快修可以提供以下特色服务：  1、寄修服务：用户下单后，将手机寄送至售后中心进行维修。可以支持23个品牌（三星、HTC、华为、小米、中兴、联想、酷派等品牌）的保内免费维修服务，保外正品维修服务，以及换机服务等。  2、上门修服务：该业务在重点城市开展，主要为中高端用户服务。用户在系统下单，工程师2小时内上门维修，现场解决用户手机故障问题，并支付一定的上门费用。  3、回收二手机服务：为用户提供在线估价服务，达成一致后通过寄送方式完成交易。手机维修领域是2015年全民创业的蓝海之一，契合“互联网+”的行业发展趋势，我们希望通过移动快修产品打造出新型手机维修服务，继而改变现有的维修乱状，还用户一片干净、诚信的手机维修市场。 ,http://zzkf.bigcloudsys.cn:8088/project/detail/2057,2015.07.28
“浮云神码”二维码智能插件应用,通过二维码智能插件的解决方案，以插件形式，为网站、APP客户端等开放二维码功能，同时可为行业客户提供二维码解决方案。,http://zzkf.bigcloudsys.cn:8088/project/detail/2076,2015.07.29
玩了吗,,http://zzkf.bigcloudsys.cn:8088/project/detail/2342,2015.07.31
中国移动国际漫游助手, 随着中国经济的发展，越来越多的人选择出国旅游、办公、留学，中国移动的国际漫游用户持续增长，重要性愈发凸显。然而部分用户对国际漫游的相关知识不够了解，造成使用国际漫游业务时存在种种疑惑和不便，影响用户的体验：在漫游之前，怎样知道从设备到业务层面都做好了漫游的准备？在这个国家拨打电话、使用流量怎么收费？在国外打电话和上网怎样得知实时话费，会不会不小心产生了天价账单？能不能开通国际漫游优惠套餐？在国外不会拨号怎么办？不会说外语怎么办？有没有免费的WiFi和商圈信息？我们团队的中国移动国际漫游助手产品，正好可以帮助用户解决这些问题，从各个角度提升用户的国际漫游体验。如果用户不在漫游状态，用户可在列表中选择要漫游的国家/地区；如果用户在漫游状态，APP可直接定位到漫游的国家/地区。设置好漫游目的地后，用户可使用以下功能： 一键检测、资费查询、业务办理、拨号助手、语音流量监控、高额提醒、“一按我帮您”国际版以及辅助功能。 ,http://zzkf.bigcloudsys.cn:8088/project/detail/2220,2015.07.31
敏捷化统一门户产品方案,"一、方案特色：基于开源平台，通过二次开发，建立了低成本的门户产品,实现通用、安全的SSO认证中心和敏捷的接入手段,实现了用户的个性化设置、集成的工作台，以及基于内容和角色的权限管理。二、面向市场随着国内企业信息化水平的提高，企业门户市场得到了较快的发展，在目前，国际主流开发商占领了企业高端服务市场，但随着门户技术的不断成熟和发展，企业门户的需求差异增大，技术平台的建设也由高大上逐步转变为平民化。当前部分大型企业已经建立了自己的企业门户，但大型IT产品提供的定制化水平低、费用高、系统的建设、维护成本不可控，这就需要有轻量级的、敏捷的企业门户实施解决方案来满足中小企业的需求。三、产品功能特色：1、提升工作体验(1)个性化工作体验(2)提供日常工作所需的一切(3)使用方便2、超出用户的期望(1)以最低成本获取最高的投资利润(2)无风险尝试：兼容所有主流OS、Webserver、DB(3)较低成本：集成60多个工具(4)系统信息安全认证 3、便捷的产品开发 (1)支持主流基础架构及软件平台(2)遵循行业标准JSR-286, JSF-314, JSR-170, WSRP 以及JBI(3)丰富的授权管理功能(4)便捷的企业应用集成，基于SOAP、JSON四、产品优势(敏捷实施和应用系统接入)：1、费用：无需购买商业软件，节约费用60%以上。 2、实施周期：相对缩短60%，预估节约3个月实施时间。3、二次开发：相对节约70%以上。",http://zzkf.bigcloudsys.cn:8088/project/detail/2515,2015.08.05
成才, 面对日益激烈的市场竞争，日益复杂的网络规划、优化、维护。唯有培养一支优秀的人才队伍，才能撑起“移动信息专家”未来的持续领先。未来网络质量的竞争、服务水平的竞争也是人才队伍的竞争。成才是一款打造移动人才培养体系的辅助软件，它通过IT手段、携移动互联网基因，把握人才培养标准化流程化的几大步骤，从岗位能力模型、能力培养课件、能力提升测试及个人绩效计划等几大方面。员工输入自己账号，就能进入专门针对其岗位的能力培养及绩效规划页面。查看自己所负责岗位需要掌握哪些能力，并通过每项能力附带的培养课件进行针对性学习，再通过能力测试考试进行学习巩固。最后在员工绩效计划一栏输入自己的工作计划，软件将跟踪计划进度，输出完成报表，从而帮助员工实现自己的目标，管理自己的绩效。也帮助公司完善差异化的绩效考核。精准掌握能力需求，成才助您快速进入工作状态！针对性进行能力培养，成才帮您短期适应岗位需求！自动化绩效管理跟踪，成才是您规划自我职业生涯的良师益友！差异化薪酬管理支撑，成才给您量化薪酬的有力支撑！ ,http://zzkf.bigcloudsys.cn:8088/project/detail/2547,2015.08.05
好老师,“好老师”是基于公司LBS业务及139社区，面向学生、家长、教师和社会教学力量，展现教学资源和求学需求的融合社区。以PC+MOBILE无缝接入，利用139社区丰富的社交网络资源，优质权威的教学资源，实现互联网解决个性化教育供需关系，促成线下教育的APP软件。,http://zzkf.bigcloudsys.cn:8088/project/detail/2292,2015.07.31
流量开放能力插件, 流量开放能力插件，将流量查询接口、精确推荐套餐接口、流量套餐订购接口封装成Android及iOS SDK，提供给拥有亿万用户的流量管理APP如360手机卫士、腾讯手机管家等调用，解决他们无法精确查询流量的痛点，同时借助互联网企业帮助我司覆盖更多流量用户，为用户提供精确的流量查询、流量预警的同时为用户提供加油包办理通道、根据用户消费情况精确推荐最新优惠套餐等。 ,http://zzkf.bigcloudsys.cn:8088/project/detail/2454,2015.08.03
小黑盒,在机房运维小组日常的工作中，经常存在这样一个场景：“运维人员拿着温度计湿度计在机房里转一圈，记录下不同位置的温度信息，记在巡检表单上，在回办公室后将这些数据输入到管理支撑系统中去。”这样的工作方式在我们看来是低效的，而且由于人工巡检的限制，在频次、准确度、采集点上都无法与真正的采集设备相媲美。“小黑盒”就想改变这一切。既然物联网技术已经非常成熟且成本低廉，为什么我们不能通过最为简单且低功耗的设备，定期采集每个机柜的信息，并上传到云端，直接展现给客户。而为了最大化客户的投资，它又必须是通用的，可以兼容目前大多数的传感器甚至于摄像头，以便一机多用，用最小的投资实现最灵活的监控体系。,http://zzkf.bigcloudsys.cn:8088/project/detail/2209,2015.07.31
和分惠,这是一款APP，它能及时向手机用户推送衣、食、住、行、娱乐方面的优惠券或个性化的产品信息，用户可使用中国移动积分（简称“和分”）兑换电子优惠券（二维码或数字兑换码），到相应的商家进行消费。优惠券信息的来源主要是由中国移动与知名商家合作提供，中国移动和商家之间采用后向付费的方式进行结算。产品功能特色（1）主动推送最新优惠信息：系统一旦有最新的商家优惠券上线，就会立即通过APP主动向用户推送新优惠信息通知，用户可第一时间获知促销信息，做到无一遗漏。（2）促销信息分享：用户除了自身可关注和参与优惠活动，也可把自身感兴趣或觉得有推荐价值的优惠信息通过微信、朋友圈、微博等方式分享给其他亲友，无形中扩大了商家的营销范围。（3）地域化的商家信息展示：APP对于全国手机用户设置统一的登录门户和界面，用户登录后系统可以根据用户所在归属地城市展示当地合作商家的优惠信息。用户也可以对所在城市进行切换，方便异地消费的情况。（4）积分运营：用户使用和分来兑换其想要获取的优惠券信息，有助于提升和分的价值和用户关注度，实施积分运营的策略。目前中国移动虽然具有相对完善的积分体系，但积分的价值并没有被充分挖掘出来，当积分被赋予了流通价值且对于用户变得具有吸引力时，以积分“稳定”客户，通过回馈的方式形成客户粘性，提高客户忠诚度；中国移动可以制定更多具有针对性的和分获取策略，以和分“驱动”消费，通过指引性的积分资源配置，扩大客户对当前主营业务核心产品的消费，提升价值贡献。（5）后向付费：采用后向付费方式进行结算，APP平台的服务费结算只在中国移动和商家之间进行。用户使用该APP与使用其它APP无异，只需要支付流量费，无需支付给中国移动额外的服务费用。（6）精确营销（增值服务）：用户喜好分析，助力商家精确营销。中国移动可以根据用户所关注过或参与兑换的优惠券历史，分析用户喜好，建立用户分类标签，定向推送符合用户喜好的营销信息，助力商家的精确营销。,http://zzkf.bigcloudsys.cn:8088/project/detail/2228,2015.07.31
找人,   “找人”是以位置信息为基础，以寻找不同类型的人为目的的信息聚合和分发平台、社交和娱乐平台、也是创业和赚钱的平台。该平台将需求方和服务提供方相联系，并形成互动，是各省亲情类特殊终端、家庭类产品的销售平台，主要针对智能机用户，服务方式为手机客户端等。 ,http://zzkf.bigcloudsys.cn:8088/project/detail/2435,2015.08.03
亲和密,亲和密APP通过构建亲密圈，帮助父母等年龄较大或者工作忙碌的家人朋友（需授权）监控业务使用情况，代办业务，减少用户不必要的开支，放心大胆的使用，促进业务的发展，减少用户询问和投诉。通过亲密圈内按需分、随心抢、心愿单等方式玩转流量赠送，成员间比较亲密度排名等互动娱乐的方式，促进流量等业务发展。来电显示问候语，以智能温馨提升用户体验；通过生日节日提醒与礼物推荐，利用和地图POI，以推广商家的方式实现位置能力的后向收费。亲密圈不同等级的差异增值服务和优惠活动，促进产品活跃度和亲情网、亲情通、4G多终端流量共享等现有业务发展。,http://zzkf.bigcloudsys.cn:8088/project/detail/2439,2015.08.03
滴滴校园,    滴滴校园！开启移动互联网新时代---------------------------------------------------------高校市场多年来一直是移动公司重点主抓的市场，其对客户规模、4G规模、宽带份额等都起到举足轻重的作用。滴滴校园是一个以微信服务号为载体的面向高校用户量身打造的提供校园便捷地图指南、校园缴费、创业就业等的综合性信息集散互动平台。其旨在通过提供便捷服务抓住大学生痛点，从而潜移默化渗透移动元素影响客户选择，让客户主动积极地接收我们的营销信息，从而提高移动市场竞争力，帮助移动公司向O2O模式转型。 ,http://zzkf.bigcloudsys.cn:8088/project/detail/2447,2015.08.03
找车位,产品名称：“找车位”产品功能简介：1、临时停车：协助用户对目标区域的停车场进行快速定位，向用户展示停车场剩余车位信息、收费标准等信息，并为用户规划最佳路径；2、车位租赁：提供一个车位租赁的交易平台，支持整租、错时两种出租/租用方式，最大限度的发挥空闲车位的价值；,http://zzkf.bigcloudsys.cn:8088/project/detail/2357,2015.07.31
千里眼停车, 千里眼停车APP除了能拥有普通停车软件的远程车位预定和线上车费支付功能外，还开创性的基于中国移动WLAN热点和市场上成熟的无线摄像头为软件加入了“千里眼”功能，让消费者在停车前和停车期间都能视频查看停车位的实时情况。 ,http://zzkf.bigcloudsys.cn:8088/project/detail/2143,2015.07.31
国际出访漫游导读产品,随着客户国际出访漫游行为的增多，客户在国外不能正常登陆网络、主被叫、来电显示、短信、上网类的投诉也在增多，客户向我公司反映后，投诉处理耗时较长，客户感知不好。为提升客户感知，网管中心根据客户投诉现象和产生的主要原因，成立了国际出访漫游专题支撑团队，简称“国漫畅游”团队。,http://zzkf.bigcloudsys.cn:8088/project/detail/2189,2015.07.31
基于用户号码的身份验证工具,验证工具包含一套用户身份验证机制以及加密、解密两部分算法，通过生成密文-下发至用户-用户上传密文-验证密文的流程完成用户身份验证.,http://zzkf.bigcloudsys.cn:8088/project/detail/2164,2015.07.31
谁的？,互联网时代的轻量级手机APP，通过个人二维码和地理位置的最近区域算法，帮助人们找回丢失的物品。,http://zzkf.bigcloudsys.cn:8088/project/detail/2165,2015.07.31
“和出行”,,http://zzkf.bigcloudsys.cn:8088/project/detail/2168,2015.07.31
针对县城居民的微信平台,  微信成为县城居民接收信息的重要渠道，但是专门针对县城居民提供信息的微信公共号目前还是空白。本产品即是专门针对县城居民做的微信公共号，为县城居民推送 本县大小新鲜事、切身相关的衣食住行用信息，政府发布的信息，商家优惠信息，移动公司优惠信息，以及一些不限地域的通用性知识。其中本县大小事和政府发布消息为根本，这是吸引用户的核心竞争力。商家优惠信息，这是前期的盈利模式。 为什么针对县城居民？ 1、县城本地化网络社区，目前是空白；2、县城居民现在微信使用率非常高；3、县城居民微信传播能力非常强。 移动公司做这个有什么优势？ 1、移动公司有扎根于与各县城的员工，他们非常了解本地事情，而且政府关系好；2、移动公司在各个营业厅的渠道非常有利于推广微信号；3、移动公司传统业务渐遇到瓶颈，也需要发展新业务。4、拓宽自己的营销渠道。试想，一个叫“修武那点事”的微信的营销效果绝对比“修武移动”微信 营销效果好。 那么多公共号，用户为什么选择这个公共号？ 作为一个普通的县城居民，我描述一下我的不便。场景重现：去丹尼斯购物，丹尼斯说优惠信息都在丹尼斯的公共号了，去汉丽轩烤肉，优惠信息都在其官方微信上。想了解我家附近在修什么路，我需要注册微博关注“修武发布”，才能了解这些信息。丹尼斯每天都会推送消息，就是没有我期待的优惠消息。索性就取消关注微信号了，所以我就错过了优惠信息。 最后，为了不错过这些优惠信息，不错过这些跟我切身相关的信息，我关 注了这么多微信号微博号，感觉自己好累啊。有没有一个聚合的平台让我了解 修武的所有事情？！ 现在没有，不过马上就要有了。修武那些事  与其追求不切实际的大而全，不如踏踏实实做好我们身边的小而美。 ,http://zzkf.bigcloudsys.cn:8088/project/detail/2430,2015.08.03
停方便,本产品是一款分享各大主要商圈公共停车场信息的手机APP应用，推荐有折扣的停车位、附近的停车场的位置、剩余停车位以及停车价格，省去了用户寻找停车位的时间成本和汽油费用,http://zzkf.bigcloudsys.cn:8088/project/detail/2359,2015.07.31
O2O多屏互动营销服务平台, O2O多屏互动营销服务平台旨在构建一套联接用户、实体渠道、互联网渠道之间的互通平台，通过各个界面之间的营销与服务传递接续，有效互补，提升用户的整体使用感知，以更便捷更互联网化的方式为用户提供更为优质贴心的服务。 ,http://zzkf.bigcloudsys.cn:8088/project/detail/2128,2015.07.30
资金归集信息化产品, 本项目是应用已在公司内部成熟应用的专利技术进行全新的行业应用开发，将内部生产工具商品化、市场化，实现对外价值变现。本发明通过设置短信收发模块、第一转账模块、缴费模块和第二转账模块，并对银行账户系统和移动短信网、GPRS无线网络等资源进行整合，即通过移动短信网和GPRS无线网络实现代理终端与代理缴费系统中的短信收发模块进行通信，通过将第一转账模块设置在银行账户系统中，即通过短信收发模块与银行账户系统的通信，实现自动缴纳预存款，通过第一转账模块与缴费模块、业务支撑模块和第二转账模块实现实时监控预存资金信息的资金额度。 ,http://zzkf.bigcloudsys.cn:8088/project/detail/2409,2015.08.03
手机安防神器,,http://zzkf.bigcloudsys.cn:8088/project/detail/2252,2015.07.31
高效数据整理与匹配工具,数据处理与分析是保有工作的基础，面对越来越多的数据处理需求，以及越来越精细的数据分析要求，数据分析人员经常被困于数据处理时间长、效率低、表格卡死等问题。因此，如何提升数据处理工作效率，快速准确的处理各种数据，既是保有工作，同时也是全体数据分析人员所面临的重要课题。基于上述问题，通过开发一款基于excel的辅助插件，解决数据整理中最大的障碍数据匹配，可以缩短数据整理时间，大幅度提高工作效率，节约时间和人力成本。,http://zzkf.bigcloudsys.cn:8088/project/detail/2253,2015.07.31
老人儿童safe手环产品,,http://zzkf.bigcloudsys.cn:8088/project/detail/2263,2015.07.31
流量百宝箱,一个免费赚流量平台。企业客户可登录该平台，向中国移动采购一定数量的流量包，通过问卷奖励、游戏奖励、看广告奖励等等方式赠送给登录该平台的个人用户，由此可获得客户资料、问卷信息、广告推送等收益。,http://zzkf.bigcloudsys.cn:8088/project/detail/2288,2015.07.31
来电卫士,,http://zzkf.bigcloudsys.cn:8088/project/detail/2291,2015.07.31
智能浇水, 能手机远程控制的插座，配合电磁阀，可实现远程浇水，并能精确控制浇水量。,http://zzkf.bigcloudsys.cn:8088/project/detail/2132,2015.07.30
校园购GO GO,    校园购GO GO是在人人快递这样的众包模式上，细分众包市场，优化认证及信用机制的校园代购、校园快递应用软件。旨在打造投递速度快，资料信息安全，发件便捷，节能环保的新型快递、代购服务品牌；是立足服务于在校大学生的生活代购快递。 校园购GO GO通过新一代信息技术的综合应用，实现全程无纸化操作，GPS全程跟踪，数据信息服务后台自动加密保存及信用卡(银联卡)绑定，快递人诚信机制严谨等独具特色的新型快递方式，给校园提供一种新型的勤工俭学代购服务平台。,http://zzkf.bigcloudsys.cn:8088/project/detail/2134,2015.07.30
人人推, 将我司所有用户纳入营销推广队伍，人人都是一个分销机构，打造隐蔽，简单，高效的全员分销体系。产品搭载在微信公众平台（三大好处：免安装软件；普及率广；朋友圈活跃），用户注册后，将生成自己的二维码，每个用户转发我司相关业务办理贴至朋友圈，好友通过平台办理移动业务，推荐人可获得一定的话费奖励、佣金奖励、或流量奖励，将原先给渠道的酬金变成给用户的优惠。对传播用户来说，只是转发帖子，对办理客户来说只是得到了个信息，进行办理，整个过程不会让用户对营销方案、对分销产生抵制。 ,http://zzkf.bigcloudsys.cn:8088/project/detail/2449,2015.08.03
车位实时出租,,http://zzkf.bigcloudsys.cn:8088/project/detail/2473,2015.08.04
必用,,http://zzkf.bigcloudsys.cn:8088/project/detail/2540,2015.08.05
淘周边,淘周边是一款基于位置搜索分享的社交式交易平台型应用。它基于位置应用的“周边论坛”和“公共聊天”社交功能属全国首创，是未来下一个FaceBook！产品以具备日常频繁使用特点的“周边信息交互”社交功能为基础粘性功能，用于发展维系用户；而后期可引入和扩展“周边商品交易”商业功能，不断展示其强大的商业应用和盈利能力。总之，淘周边是一个创新的社交社区、销售通道、掌上微店、创业平台、广告平台、盈利模式。一、产品主要功能二、十大应用场景一是，关注论坛，了解周边。1.旅游途中：阿荣是个驴友，经常到处游览祖国风光。所到之处，他都通过论坛了解当地风土人情和各类资讯，积极参与互动与分享。里面也有很多驴友发表的游记感慨和咨询求助。2.高速堵车：某天，阿花被堵在高速路上，半天没挪一步，很焦急。后来通过论坛了解到前面发生重大交通事故。前面的网友不断地发贴汇报当前进度，目前交警已在处理并且进展顺利，就快结束了。她心里平稳了许多。3.家里周边：阿峰则是个上班族宅男，平时很少与小区或周边的“邻居”窜门交流，所以他很关注论坛资讯，随时了解周边动态信息。大到交通管制，小到小区修路。二是，闲来聊聊，结识朋友。1.动车聊天：阿荣每次坐动车出游途中，都创建一个聊天室跟同车的男男女女聊天，打发旅途寂寞；很快大家熟络起来，还认识了邻座的美眉，也结识了不少驴友。2.旅途拼伙：阿荣到了旅游目的地，他又搜索附近拼餐的聊天室，马上就找到10个人拼成一桌，经济又丰盛。要去动车站时，他又搜索附近拼车的聊天室，于是4个人凑了一个的士送到动车站。3.结识邻居：阿雄朝九晚五，平时也不认识小区里的人，连对面住男住女都不知道。但在公共聊天室里跟附近的几个人聊得很投机，原来是楼上楼下的邻居。周末爬山约起。三是，搜索人流，出行参考。阿三节假日想去周边的旅游山区去游玩，但担心人流量太多了，太挤了。于是，他设定指定位置和搜索范围进行搜索，发现目前人流量实在太多，已达到拥挤的程度了，最终他改道去公园。四是，新店开张，广告周边。阿力的健身馆刚刚开张，得给周边居民们广告一下。他通过平台自助申请投放广告。他从后台选择周边10公里内里，年龄在20-45岁、收入在5000以上、学历中专以上、通信消费月均50以上、兴趣爱好为健身、运动、旅游等男女用户，预计人数为3500多人。发布广告后，只按实际浏览人数进行付费1元/人。他投放一周时间共500人浏览，费用500元。他觉得很合算。嗯，我也觉得。五是，共享资源，提升人气。某商家为提升微店人气，吸引人流量，在中国移动官方微店中购买了1000M共享流量礼包（集团流量产品），分为10M*100份，并在自己微店中共享。附近用户搜索到该商家的共享流量信息，点击进入商家微店浏览，免费领取了10M流量。亲，给个好评哦。六是，分销业务，赚取酬金。阿丽在移动微店挑选几个畅销数据业务（免费体验，酬金2元），放到自己微店销售，好友免费试用自己还赚酬金。从此开启“朋友圈叫卖”模式。七是，人地生疏，爱心互助。阿毅刚到这陌生的城市，人生地不熟，很多事情没地方问。他通过平台发布求助信息，马上得到周边陌生人的热情回复。顿感满满的爱。八是，小本生意，开家微店。阿福的小吃店不适合做团购，但提供送餐。平时利用送餐机会，在附近小区里塞些小卡片，但都被住户丢掉想用却找不到。他听说很多商家都在淘周边上面开微店进行销售（团购），于是，他也免费注册一家微店，摆上店里菜谱，这样就方便住户叫餐了。小饭馆也可以O2O。九是，老妈回家，叫个外卖。老妈回乡下去，单身男阿贵苦不堪言，吃饭成问题。打114订餐没菜谱，团购要出去吃。现在搜索到附近的阿福小吃店，进微店点牛肉叉烧饭，坐等送餐上门。十是，搜索所需，销售闲置。阿山买了阿兰闲置半年多的八成新IP6。就在同城当面交易，不仅节省时间和运费，两人还愉快地合影了。听说买手机送女朋友。,http://zzkf.bigcloudsys.cn:8088/project/detail/2455,2015.08.03
和承诺,    “和”承诺是一款基于承诺活动的社交应用，以“我承诺”为主题的移动应用， 帮助使用者克服习惯性拖沓。 ,http://zzkf.bigcloudsys.cn:8088/project/detail/2200,2015.07.31
e家圈, E家圈产品以“圈”为主题，实现家庭内部通信与服务，让家庭成员的互助共享，成为家庭产品的推广与应用的平台。产品以家庭圈社交为基础，家庭支付为核心，家庭安全为特色的一款APP产品。产品功能特色: 产品功能上包含社交功能，解决家庭通信分享的需求，同时保证用户粘性；提供家庭为单位的账户，并且推出一系消费服务，实现便捷的购买和使用；最后结合安全功能，保证家人和家庭的安全。 产品主攻老人及儿童服务，同时方便青年人帮助家人享受互联网应用； 区分两套独立UI，针对老人儿童设计操作简易便捷的UI，主推语音功能，避免打字操作；针对青年人功能全面。 产品平台化，应用场景多元化，形成一个家庭服务产品的平台，通过家庭支付功能，有效提高产品的收益能力。 ,http://zzkf.bigcloudsys.cn:8088/project/detail/2237,2015.07.31
和打包, 针对用户的需求，过滤中间搜索环节，直接将结果打包提交给用户的需求打包平台。 目前的模式是搜索模式，人人都必须会用搜索，但是，未来的模式应该是用户只用提交需求，而不必去参与整个需求的甄别过程。用户只需要提交需求，剩下的事情就是等待一段时间（视需求的复杂度），然后就可以在139邮箱获取到打包好的结果。 ,http://zzkf.bigcloudsys.cn:8088/project/detail/2199,2015.07.31
奔跑吧！流量,"运营商设定当月流量阀值赛段目标，用户可最多邀请5位朋友以自然月为时间单位进行流量竞赛，赢取奖励获取。流量奖励采取后向流量广告模式，由商家买流量，移动方可以替商家做宣传广告。本应用基于开源gs架构的开发,运营商可以承载至微信、其他APP上，本开发可拉动流量DOU提升同时带动微厅、APP或网页活跃率提升。",http://zzkf.bigcloudsys.cn:8088/project/detail/2201,2015.07.31
“和到家”手机APP,本产品是基于安卓和ios系统开发的手机APP软件。移动用户在办理变更特殊业务、转机等业务的时候必须携带身份证到移动营业厅办理。但：1、移动各营业厅普遍存在排号等号时间过长、办理时间过长的现象2、部分用户没有时间到营业厅办理业务该产品主要为用户一共以下两点服务：1、使用软件提前领各移动营业厅的排队号牌                 2、有偿提供营业厅业务上门服务该产品有清晰简洁的页面，方便有较少基础的移动用户使用，并且上门服务中提供各种业务类型选项，若用户不了解需要办理的业务也可以预约上门服务，由上门服务人员与用户沟通明确后提供上门服务。,http://zzkf.bigcloudsys.cn:8088/project/detail/2229,2015.07.31
应急通：为移动应急通讯而生！,"请问：您的智能手机能待机几天？如果灾难来临了....你的手机电少撑不了太久怎么办？晚上漆黑一片怎么熬？周边没有通信信号怎么求救？我们的移动应急通讯车因路况进不去灾区怎么办？不是危言耸听，这都是现现实实存在的问题！每个小细节在灾难里就是大问题！灾难来临的一刻，一份光即意味着一份希望，一格信号也许可以延续一个生命，一格电也许带来的是无尽的力量！TA不是超人，但是TA可以用在地震、战争等特殊灾难发生后，解决灾后难民对于光+电+通讯的需求。本产品可携带也可以固定投放（类似消防栓），由一个带有可折叠太阳能板的主机箱+30个可充电电筒组成：主机箱可捕捉移动通信信号并放大，可以说是我公司应急通信车的黄金搭档！不仅成本更低，且便于携带能解决地形路况给应急通讯车带来的巨大限制！主机箱不仅自身有锂电电池组且配有可折叠太阳能板，日间可为插在机箱上的手电充电，晚上这些手电可以分发给灾民作夜间照明使用，每个手电背部带有USB充电口可为手机续电，解决当下智能手机电量危机的巨大隐患。PS：作为一群移动通信人，有责任也有义务解决当下这一产品领域的空白！应急通，为移动通信而生！精确的产品定位，一流的硬件设计，以及产品原理及解决方案，请您下载打开产品文案看看吧,欢迎留言交流~",http://zzkf.bigcloudsys.cn:8088/project/detail/2490,2015.08.04
“和服务”企业服务窗口系统, 本产品通过飞信或微信企业号为入口，在传统的邮件沟通基础上，提供政企客户一个对外服务窗口，以Web APP形式对接实现。根据运维服务生命周期，以良好的交互形式（H5页面，配以动画、音乐等），提供公司的运维服务展示、客户已订购服务的信息查询、已订购服务的运行状态、已订购服务的报表实时查询服务、报障服务、技术交流、FAQ、满意度调查、情感维系等全生命周期对外窗口服务平台。以温馨服务、贴心支撑满足企业客户的各类服务需求，提升企业用户对公司运维服务产品的满意度，并吸引更多的政企用户使用我公司运维服务产品。 ,http://zzkf.bigcloudsys.cn:8088/project/detail/2560,2015.08.06
小V,,http://zzkf.bigcloudsys.cn:8088/project/detail/2564,2015.08.06
云应用-不需安装和升级就可使用的海量应用, 当前智能手机都需要安装很多应用程序，并且这些应用程序都需要不断升级，影响了用户体验。云应用可以使用户不需安装和升级就可使用的海量的应用。用户只需要安装一个云应用APP或者在支持Html5的浏览器打开云应用的首页，就可以使用海量的应用。使用云应用无需安装，也无需升级应用。云应用通过Html5网页实现传统应用的功能。Html5网页类似于传统网页，只要服务器端的升级了，客服端就不需要升级。云应用结构为底层是支持html5的浏览器，上层为用户界面层。用户界面层类似于目前苹果、安卓手机的界面。用户可以将自己喜欢的应用自行排列。用户可以通过搜索或分类查找的方式找到新的应用。云应用可以通过支持Html5的浏览器访问手机硬件底层功能，例如可以通过浏览器使用摄像头扫二维码，还可以实现摇一摇、推送通知等功能。未来大部分软件类应用APP都会被Html5应用替代。 云应用不仅实现了不需要安装和升级使用APP，而且可以作为一个移动互联网时代的入口，是一个比PC时代hao123网站更为重要的移动互联网入口。我公司利用大数据能力，一是可以通过向用户推送应用的活动和广告，向应用商后向收费盈利。二是通过“桃子”汇总优惠券，厂家发布优惠券吸引客流，用户领取优惠券享受优惠，我公司收取平台费用。,http://zzkf.bigcloudsys.cn:8088/project/detail/2386,2015.08.03
拜拜手机病健康小助手,,http://zzkf.bigcloudsys.cn:8088/project/detail/2569,2015.08.06
出行人流查询, 出行人流查询是一款基于移动互联网和智能终端的平台软件，目的是为了给用户提供有效的人流和路况信息，方便用户选择合理的出行时间和路径。提供的信息如商场，超市，景点等地区的人流密集情况以及道路的实时路况等。 ,http://zzkf.bigcloudsys.cn:8088/project/detail/2333,2015.07.31
时空电话,利用移动通信网络，基于地理位置发起电话留言，接收方进入地理位置被呼叫唤起电话接听，充分利用运营商电话优势，无接听门槛，电话场景化使用更为丰富。,http://zzkf.bigcloudsys.cn:8088/project/detail/2364,2015.07.31
智能终端安全检测工具,智能终端安全检测工具是一款专业的智能终端安全检测软件，它可安装于电脑、PAD或工控机上，通过USB、无线网络为智能手机进行全面深入的安全检测，发现智能终端的操作系统漏洞、病毒木马、恶意应用等安全问题，并进行一键风险排查。本产品无需在待测手机上安装任何软件、不改变手机设置，即插即用、方便可靠。本产品既可用于政府机关、涉密单位，为内部员工进行终端安全风险排查，防范终端泄密和黑客攻击；又可用于电信运营商、金融机构、电子商务运营企业，为其移动互联网业务用户提供终端安全检测服务，避免手机中毒引起的用户资产损失，营造安全健康的业务运行环境。,http://zzkf.bigcloudsys.cn:8088/project/detail/2114,2015.07.30
和到家,   产品定位：懒人式购物产品     社会发展那么快，有时间逛超市的都是闲人。   当然，还是有那么很多人不想逛超市的。但是，日常生活，总是有那么一些东西要到超市买。   那么，问题来了？不想逛超市、又不想在某宝上折腾又想自己想买的东西送到家里面，该怎么办？  很简单，使用我们的这个产品。   ,http://zzkf.bigcloudsys.cn:8088/project/detail/2579,2015.08.07
以貌取人, 以貌取人是指通过人脸、指纹、二维码、RFID技术与公司校园产品（和教育等）相结合，通过APP+后台+RFID以及相关穿戴设备的结合使用，对来访人士的身份信息进行确认的过程，从而实现安全接送，进出园区的过程。人脸、指纹识别技术具有识别的唯一性、自然性，操作简单方便，能很好地解决学校在安全管理方面存在的问题。家长也可以对穿戴设备配对多台手持终端，使得接送过程形成一个家长对一个学生，或多个家长对一个学生的验证机制，并以人脸、指纹、二维码等进行安全解锁，保证学生不会被冒领。在校园安全管理中运用人脸、指纹识别系统能自动进行数据比较、迅速准确地作出身份判断，提高校园安全管理的工作效率，为学生营造健康、安全的校园环境，这一生物识别技术正在成为校园安全建设的新动向。 人脸、指纹以及二维码识别系统，能精确分析人脸、指纹特征，作 为身份识别的依据，为幼儿园、小学学生的接送提供安全、便捷的管理。进出校园可利用手机终端上的RFID、二维码等进行快捷识别，判断学生的动向。学生的穿戴信息结合定位、轨迹、利用移动网络实时上传/监听。主要功能如下： （1）加强管理 人脸、指纹识别系统不可伪造，杜绝了非法人员进入校园。人脸识别、指纹识别信息具有可直接识别性，信息利用率高，穿戴设备通过RFID、二维码等进行快捷识别，可以实现学生、家长的信息化管理。 （2）数据采集 通过识别终端或APP应用将家长、学生的脸部、指纹信息及学生穿戴信息录入数据库作为家长接送学生的身份鉴别条件。包括面部信息、指纹信息、学号、班级及学生对应的多个家长信息等。 （3）接送过程全程跟踪通过多种技术手段结合。包括APP、人脸识别、指纹识别、二维码扫描、RFID扫描、GPS定位，对接送过程全程跟踪。一方面使得家长放心，随时知道小孩在校和离校的状态；另一方面使得学校放心，确保接送小孩过程的安全，确保防止非法人员进入校园/宿舍范围内。 （4）信息的储存和管理 对人员统一授权，管理方便，可进行用户注册、授权、修改、删除及人脸建模、重新建模等用户管理操作。人脸模板信息、指纹信息和所有开门记录都被保存于数据库中并进行自动备份，并且管理者可以根据需要，对所有资料进行汇总、编辑、拟制多种门禁管理报表。 （5）实时监控记录信息 系统可以对所有连接的门控装置的状态（门状态、锁状态、报警状态等）进行实时监控，能记录识别信息，并且记录系统自检信息； （6）远程信息发送 可选择将当前识别者的面相以图片的形式发送给指定的人员。图片可通过手机或电脑浏览，使代人接送学生的人员必须经过家长确认。学生到达或离开学校时通过人脸识别或指纹识别门禁，系统可将识别的信息发送给家长，通过手机网络，家长可随时了解学生的行踪。 （7）老师与家长互动 基于公司产品（和教育）建立相对应的平台，老师通过下载相关平台APP能随时随地掌握学生的入校、离校、学生被谁接走的情况，老师通过APP实时更新学生在学校的相关情况，加强与家长的互动。,http://zzkf.bigcloudsys.cn:8088/project/detail/2328,2015.07.31
数据慧眼, “数据慧眼”是基于大数据的主动服务推荐系统。该系统通过在各个实体消费场所部署客户端，同时向实体消费场所的营业员提供“数据慧眼”APP软件，一方面，实现系统自动对消费者信息读取、定位，并把检索信息发送到相应的服务员这一系列工作，保证营业员为不同顾客提供个性化服务推荐，提升实体消费场所营销效果。另一方面，实现实体消费场所会员信息的读取上传工作，为“数据慧眼”系统积累数据库资源。我公司可通过多项分析方案，挖掘该数据库的价值，向自己以及相关产品广告商提供商业数据分析服务，支持广告商决策广告投放的时间和地点，实现精准营销。同时在获得允许情况下，我公司可将用户数据直接向第三方交易，让电子购物等网站精确捕捉客户需求，实现个性化服务推荐。当然，我公司可以凭借获取消费者行为的洞察力，进军移动电子商务，形成自己全新的业绩增长点。 ,http://zzkf.bigcloudsys.cn:8088/project/detail/2157,2015.07.31
基于信令数据的精准营销平台,,http://zzkf.bigcloudsys.cn:8088/project/detail/2324,2015.07.31
安连,安连: 是一款专注WiFi安全的产品，能够精准检测和防御WiFi网络下的各种攻击，经对比测试，安连产品的安全性能远胜于现在市场上的同类产品；同时，结合大数据分析技术，安连在帮助用户安全连接公共WiFi的同时，能够为用户提供便捷实用的延伸服务，如智能优惠推荐、智能点菜、银行业务办理、附近发现等。,http://zzkf.bigcloudsys.cn:8088/project/detail/2104,2015.07.30
移动小秘-基于人工智能的虚拟客户经理APP, 目前苹果siri、微软小冰、Google now、灵犀语音助手都可以与用户进行简单交流。但一个缺点是缺少虚拟人物形象。虚拟的人物形象可以提升用户使用感知，与用户建立情感的依赖。通过人工智能的虚拟人物开展服务将会是移动互联网的下一步的趋势。另一个缺点是目前的语音助手都只是人工智能，当人工智能遇到无法解决的问题时，无法转人工处理。 电信运营商为VIP大客户配备客户经理以提升服务水平。因为成本限制，不能为每一位用户配备客户经理。在移动互联网时代，智能手机得到普及，移动小秘APP可以为每个用户配一个虚拟的客户经理。客户安装并打开移动小秘APP应用后，可以与虚拟客户经理进行简单的交流。虚拟客户经理通过动画的虚拟人物形象展示，用户可以通过语音或文字输入问题，虚拟的客户经理可以通过展示文字或播放语音与用户进行对话。移动小秘可以解决用户使用移动业务中遇到的简单的问题，可以充当用户的生活和工作助理。当有复杂的问题无法由人工智能解答时，通过网络转人工处理，人工反馈问题后，再通过虚拟形象告知用户。 移动小秘的人工智能模块利用科大讯飞的语音助手功能，不需要重复开发人工智能浪费人力。我们主要工作是开发移动小秘的虚拟人物对话界面。该界面可以根据对话中的关键字实现虚拟人物表情的变化，达到拟人的效果。同时要实现针对人工智能不能解决的问题，通过网络将问题和需求传送至后台人工处理，以解决目前人工智能语音助手的局限性。同时可将高价值用户需求，例如购买机票、购房、购车由人工智能转人工处理，形成移动互联网入口，提升手机助手的商业价值。,http://zzkf.bigcloudsys.cn:8088/project/detail/2385,2015.08.03
通过USB自启动技术及虚拟化技术打造高安全性、可随身携带的云操作系统,这是一款通过USB自启动技术和虚拟化技术实现个人电脑随身携带，随时随地移动办公，个人数据安全保密的移动办公系统。本产品还能够将U盘上的系统与个人云平台上的虚拟主机和网盘数据实现定期同步。把个人的云主机搬到线下，实现了一个系统随处使用的功能，无需联网的特殊要求。你再也不用借助于一台电脑，远程桌面到另外一台电脑了。安全方面，通过本产品指纹识别实现无密码登录，U盘上的系统快速备份和还原，为用户提供多种模式：网银模式、匿名模式、访客模式等。,http://zzkf.bigcloudsys.cn:8088/project/detail/2556,2015.08.06
I WANT（爱玩）培训APP,,http://zzkf.bigcloudsys.cn:8088/project/detail/2277,2015.07.31
快乐减压,,http://zzkf.bigcloudsys.cn:8088/project/detail/2539,2015.08.05
基于视频压缩技术的4G视频监控平台产品,4G视频监控平台，是基于移动公司4G网络，结合高质量高压缩率的视频压缩技术，面向有视频监控需求的行业用户和个人用户提供既能实现4G无线传输又能节省流量费用的视频监控应用服务平台。通过4G视频平台的建设，为行业用户和公司内部提供统一、便捷、低成本的视频监控管理及服务；通过视频压缩技术的引入，为用户节省流量费用的同时，也在一定程度上缓解4G网络承载压力；,http://zzkf.bigcloudsys.cn:8088/project/detail/2212,2015.07.31
党建汇-党建信息资源应用平台, 为了深化国企改革，加强党的领导，本创意产品将互联网流行的业务形式和党建文化结合起来，使用党建类权威信息资源，建立党建类知识库，并基于党建知识库建立起集插件、APP、WAP页面于一体的资源平台。本创意通过互联网上喜闻乐见的业务形式，加强党史党课的教育，促使基层党组拥有更多的、带有党建特色的互联网产品，能利用碎片时间进行党史党课的补充学习，同时将移动产品和党建知识结合起来，加大移动流量经营业务的推广范围。 ,http://zzkf.bigcloudsys.cn:8088/project/detail/2216,2015.07.31
集团通讯录产品,,http://zzkf.bigcloudsys.cn:8088/project/detail/2267,2015.07.31
爱倍佳智能腕式监控手环,,http://zzkf.bigcloudsys.cn:8088/project/detail/2276,2015.07.31
和桌面,"和桌面，紧密结合openstack云平台，实现基于openstack云平台的桌面虚拟化，实现使用者通过智能手机（android、ios）、pc（windows、linux）、瘦客户端直接访问自己的云桌面。采用“云”+“管”+“端”的新型服务模式,在云端动态生成云桌面资源池，用户可在任何时间、任何地点、任何终端接入，随时随地办公、随时随地娱乐，成就自由办公和娱乐的新时代。产品弥补了当前openstack云平台的短板，完善了openstack云平台的功能。使用的远程显示协议采用spice协议，资源占用率低、显示效果好、与kvm虚拟化方案原生兼容。支持windows全系列桌面，支持主流linux发行版桌面。",http://zzkf.bigcloudsys.cn:8088/project/detail/2558,2015.08.06
和行记,“和行记”是一款基于地理位置环境结合移动融合通信（语音、短信等功能）的运动社交软件，可以实现熟悉伙伴之间的活动策划组织，也可以实现陌生伙伴的一键约游出行；可以实现结合中国移动阅读、音乐、动漫、视频等基地资源智能的向产品使用者推送信息资源，也可以实现产品使用者自动上传经验进行内容信息共享积分。具体功能点分析如下：用户注册、信息交流、熟悉伙伴之间的活动策划组织、陌生伙伴的一键约游、内容服务、积分换购等。产品功能特色1、信息交流融合中国移动语音、短信、GPS定位等功能。2、实现活动组织自动签到、自动监测、自动预警。3、融合社交应用。4、引入积分换购。5、实现信用约伴。6、提供的活动地图，已与运动经验组合，即将运动经验地图化，可视化，并且发挥出告警功能，造福大众。,http://zzkf.bigcloudsys.cn:8088/project/detail/2243,2015.07.31
流量盈,流量盈产品致力实现于互联网访问中无效流量的价值最大化，让无效的流量提升用户感知、带来流量和内容收入，将用户输入网址错误或本身访问的页面不存在访问导流到推广页面，利用大数据进行用户偏好分析，提供用户访问提示和用户偏好产品推荐等增值服务。,http://zzkf.bigcloudsys.cn:8088/project/detail/2246,2015.07.31
掌上航贸,随着”一带一路”战略的实施，港口作为战略的前沿，必将担负起更高的历史使命。以往因港口业务的封闭性，与外界的信息化建设交互不多，而“互联网+”战略的提出，移动4G网络的覆盖完善将为传统的港口业务带来新的革命，推动港口信息化驶向新的快车道。在港口的商贸活动中，分为货主、货代、货运、船代、港口管理单位、一关三检等角色。货代是整个商贸活动中的纽带，以往的货代需要通过港口管理单位的PC系统（如boea、EDI等）为货主提交进出口申请手续，由一关三检审核。时常会因为报批手续的录入问题，导致货物无法及时进出港口。本产品与港口管理单位的数据库对接，开发移动APP，通过智能手机实现PC系统的服务延伸，通过本产品可随时随地进行单据录入和处理，打破原有PC系统的局限性，成为港口上下游企业的必备工具，成为需要办理相关业务的客户群体的刚性需求。吸引大量的港口客户使用本产品，打造线上交易平台。可在本平台发布物流、交易信息，通过工作手机将整个港口生态串联起来。从而解决以下问题：1、通过掌上航贸及时了解港口新闻、动态、通知、政策法规、业务办理流程等；2、通过掌上航贸随时随地提交或修改通关报关手续，查询、跟踪流程；3、通过掌上航贸了解船舶到港、泊位信息，班轮信息等等；4、基于以上吸引大量客户，可在本平台发布货运或交易信息，双方可在本平台达成交易，使运价等信息透明化，有效降低成本；5、通过本软件可实时跟踪所托运货物的运输路线，对货物安全进行有效监管。,http://zzkf.bigcloudsys.cn:8088/project/detail/2546,2015.08.05
 酷课--课堂互动解决方案,,http://zzkf.bigcloudsys.cn:8088/project/detail/2504,2015.08.04
芥末, 传统的书籍借阅是基于大型图书馆藏书和个人借阅的模式，即B2C的模式，其专业性强，规模大，公益性强。而“芥末”则是借助移动互联网来实现P2P书籍借阅的产品，其思路是用户在线上将家中实体书籍列表上传至“芥末”平台，形成所在圈子的虚拟图书馆，借阅时，用户可在圈子虚拟图书馆中选择所需图书，并形成预约，在线下完成真实借阅。 本产品可在学生圈、同事圈和邻里圈中等熟人圈推广应用。在深耕借阅垂直领域的基础上，形成“书香芥末”，未来可扩展至其他二手物品交换和借还领域，形成“玩具芥末”、“衣物芥末”等。,http://zzkf.bigcloudsys.cn:8088/project/detail/2541,2015.08.05
和教育课程表,,http://zzkf.bigcloudsys.cn:8088/project/detail/2301,2015.07.31
天天赚流量,“天天赚流量”是移动联合社会各界，向安装“天天赚流量”APP的消费者提供商品信息、劳务、促销等服务信息的APP。商家通过该APP推送信息至目标消费者，消费者获取自己定制的需求信息外，还可以赚取流量（限于流量的话费）。相应的流量费由商家买单。,http://zzkf.bigcloudsys.cn:8088/project/detail/2138,2015.07.30
中国移动宽带助手,"中国移动宽带助手，计划开发成一款中国移动家庭宽带用户电脑终端的应用助手软件，该软件的研发思路主要是基于维护人员日常维护时收集的一些用户投诉、意见及建议。为了能够有效解决用户使用中国移动宽带中遇到的疑难问题，我们计划组织研发该款软件，该软件在为用户安装入户线路时同步安装在用户的电脑终端上。中国移动宽带助手安装在用户电脑上后,主要有网络测速、信息查询、宽带续费、宽带加速、信息推送、意见反馈、绿色通道、故障排查、绿色通道9项功能。",http://zzkf.bigcloudsys.cn:8088/project/detail/2397,2015.08.03
和运动,和运动366是由中国移动自助开发的一款集成多项运动主题、个人健康管理、运动交流、赛事主编、自我展示教程并可真正实现在线邀约比赛的运动软件。,http://zzkf.bigcloudsys.cn:8088/project/detail/2151,2015.07.31
电子红包,通过打造电子红包交易自助平台，对外开放企业平台功能，企业用户可以自行通过网站完成企业注册、审核、购买流量、语音、短信、和包电子券和红包赠送等全过程。个人用户通过直接通过电子红包交易平台，完成红包购买、积分兑换、红包赠送、抢红包等功能，并实现社交化自传播。 平台分为电子红包交易平台、省商务平台两大平台融合共享，对第三方开放能力，实现跨界创新模式。 ,http://zzkf.bigcloudsys.cn:8088/project/detail/2205,2015.07.31
手机考勤,"公司日常考勤管理中，可能会有无法管理外勤人员的出勤、考勤机等设备售价太高、员工忘记“刷脸”和统计考勤信息太麻烦等情况。本产品是完全针对公司考勤情况设计的一套手机APP签到考勤系统，满足公司办公室员工、外勤员工的签到签退考勤管理,突破了传统多种岗位统一考勤的难题 。无需购买考勤机，采用地图定位方式可进行实时移动考勤。电脑自动统计工作时数，最大限度地降低了考勤管理人员的工作强度与统计失误。",http://zzkf.bigcloudsys.cn:8088/project/detail/2125,2015.07.30
手机病毒提醒产品,随着移动通信网络的发展，融合3C(Computer、Communication、Consumer)的智能手机成为移动终端的发展趋势。简单地说，智能手机是运行通用操作系统的手机，具有开放接口，可以自由安装新的应用程序。智能手机的出现极大地丰富了手机应用的种类，为移动增值业务，尤其是3G/4G业务的开展提供了终端基础。但与此同时，智能手机的流行也给手机病毒的滋生和肆虐创造了便利条件，手机正在成为黑客、病毒制造者的新目标。从某种意义上说，手机病毒的泛滥是手机智能化的衍生物。虽然手机病毒在当前阶段还未形成气候，但是随着未来移动增值业务的快速发展，手机病毒将成为移动通信安全的严重威胁。随着智能手机的广泛使用，为了防止病毒的侵入，给用户带来安全的隐患，以及财产的损失，本方案提出了一种手机病毒提醒与处理方法，及时发现病毒，将其扼杀在摇篮中，大大降低了用户信息泄露隐患及财产损失风险。,http://zzkf.bigcloudsys.cn:8088/project/detail/2126,2015.07.30
舒旅,"""舒旅""根据用户位置信息，按照距离、类型推荐旅游景点。同时，""舒旅""也会提供小众、独特的景点供用户选择。“舒旅”提供景点信息查询包括景点特色介绍、往返路线等。",http://zzkf.bigcloudsys.cn:8088/project/detail/2077,2015.07.29
约吗-集团单位内部社交产品,,http://zzkf.bigcloudsys.cn:8088/project/detail/2368,2015.07.31
基于动作捕捉的仿人机械臂,,http://zzkf.bigcloudsys.cn:8088/project/detail/2155,2015.07.31
尿一尿产品,“尿一尿”APP主要目标客户群体为2岁左右宝宝父母。通过“尿一尿”APP，协助父母科学指导宝宝逐步培养健康的自主尿尿习惯，完成宝宝生长过程中的一个重要跨越。,http://zzkf.bigcloudsys.cn:8088/project/detail/2172,2015.07.31
北斗天信,北斗天信：实现移动网络和北斗网络的互联通信，解决在没有移动网络覆盖的区域用户群体对通信需求。通过将北斗模块与LTE MiFi模块相结合，作为WiFi热点，可以接入多个终端，当没有移动网络覆盖时终端通过北斗模块收发短信。主要功能： 支持移动网络和北斗网络的报文，留言和图片互联通信  支持多终端用户共享同一北斗随身宝，终端侧可自组网通信  支持一键求助和位置上报功能  支持移动网络优先应用 用户群体： 户外运动：户外远行、登山探险、河流漂泊等  海上人员：出海的渔民、石油钻井平台、岛礁驻守人员、远洋货船人员  特殊行业：地质勘探、野外生物调查科学工作者、自然保护区工作人员  受灾群众：地震、洪灾、暴风等灾害导致无移动覆盖区需救援的群众 ,http://zzkf.bigcloudsys.cn:8088/project/detail/2485,2015.08.04
火眼金睛,,http://zzkf.bigcloudsys.cn:8088/project/detail/2326,2015.07.31
云调试大师,云调试大师: 一款针对移动应用开发者的终端远程调试平台产品。云调试大师能够开发者实时地对云端的远程终端设备（手机）进行操控，让开发者像使用本地终端一样使用远程终端。云调试大师能够极大地降低开发者的设备购置成本，提高开发效率，是移动应用开发的得力助手。,http://zzkf.bigcloudsys.cn:8088/project/detail/2107,2015.07.30
智能背包,带太阳能无线充电功能的智能背包,http://zzkf.bigcloudsys.cn:8088/project/detail/2122,2015.07.30
看病么,  在线的问诊、拿药平台。还囊括了自查、自检、沟通、咨询等综合健康服务，实现“医、药、病”三方共赢。,http://zzkf.bigcloudsys.cn:8088/project/detail/2382,2015.08.01
众包调查APP,,http://zzkf.bigcloudsys.cn:8088/project/detail/2387,2015.08.03
和掌中宝,“和掌中宝”零流量手机文件分享工具是围绕“手机文件分享麻烦”及“手机传输文件需要耗费流量”的核心问题，基于“圈子营销”概念开发的手机应用，其核心是在向用户提供“手机文件传输”和“应用分享”两项免费便捷服务，不但方便用户手机文件的管理，而且能快速实现手机应用在用户群中的快速推广扩散。,http://zzkf.bigcloudsys.cn:8088/project/detail/2195,2015.07.31
我的店,人情交互的平台。移动提供员工内部价的商品，员工依托朋友圈进行业务推广，或帮朋友解决产品需求，获得计件薪酬。依托该平台，员工可上架销售自有商品，拓展多样性。朋友互惠，有商机也可通过该平台收集，企业获利员工受惠。目前面向客户的营销渠道线上和线下区分较严重。对客户而言，线下渠道有较好的接触感知，但受限于覆盖区域；线上渠道有较强的灵活性，但限于当前网上诈骗负面信息的影响，大部分客户的接受度较差。我的店APP的开发，一方面保证了线上线下的优势互补，实现了营销渠道的延伸和业务办理便捷化；另一方面通过全员营销计件薪酬的落地提升了员工和社会渠道的积极性，提升了以他们为中心的社交圈业务黏性。,http://zzkf.bigcloudsys.cn:8088/project/detail/2208,2015.07.31
2015开发大赛-流量360,,http://zzkf.bigcloudsys.cn:8088/project/detail/2478,2015.08.04
2015开发大赛-入口产品,,http://zzkf.bigcloudsys.cn:8088/project/detail/2480,2015.08.04
运动圈,1、用户下载app并注册后，可以搜索附近运动场所（包括免费、付费），如果是免费的可以查看网友上传的图片以及地址，付费的可以查看相关联系方式以及价格表，还包括用户的评价。2、由于有很多球类活动需要多人或组队进行，这里提供了一个用户签到功能，可以根据提前签到，然后根据签到人数来决定是否去打球或者转战球场，这里还会给用户提供信用评分（签到后，并且去指定场地的概率）；3、场地信息前期是平台搜集，后期用户可以分享场地信息，并提供图片,http://zzkf.bigcloudsys.cn:8088/project/detail/2247,2015.07.31
手机名片,,http://zzkf.bigcloudsys.cn:8088/project/detail/2391,2015.08.03
糖尿病居家血糖管理产品, 糖尿病居家血糖管理产品为中国移动集团和医疗器械合作伙伴联合打造的安全、便捷、高效的移动血糖监测产品。中国移动提供专用的医用手机软件，医疗器械合作伙伴提供血糖诊断器械，利用中国移动的医疗云平台，医生通过有线或无线方式接入平台，实现医护人员对糖尿病患者进行移动血糖监测。,http://zzkf.bigcloudsys.cn:8088/project/detail/2412,2015.08.03
景区归属地分析产品,,http://zzkf.bigcloudsys.cn:8088/project/detail/2434,2015.08.03
加油锁屏," 为了避免误触与安全，大部分用户会使用锁屏， 全国智能手机用户数已经突破5亿，用户平均每天解锁70次左右，锁屏通过良好的用户体验和定制服务，成为移动互联网更浅的用户入口，也是发展潜力和市场前景最大的。加油解锁旨在为移动终端用户通过滑屏解锁赚取流量,结合用户偏好与移动终端的特性，为用户推送优质适时的广告内容，用户在查看广告的同时获得相应的流量奖励，通过与广告主资源互换的模式,为公司打造高效的移动广告平台。同时在锁屏界面提供全面的流量监控服务，用户可以实时查看移动数据流量的使用情况，查看锁屏期间流量消耗情况；更着重满足用户对锁屏界面的用户体验，提供精致的界面，轻松的交互方式。 ",http://zzkf.bigcloudsys.cn:8088/project/detail/2438,2015.08.03
神探,,http://zzkf.bigcloudsys.cn:8088/project/detail/2561,2015.08.06
V企业+中小企业应用管理专家,,http://zzkf.bigcloudsys.cn:8088/project/detail/2575,2015.08.06
中国移动出行管家,中国移动出行管家是一款面向大众用户的智能手机APP产品，产品基于移动大数据位置信息运营平台，主要提供城市重要区域场所人流量饱和度实时监控和安全预警功能。产品用于解决目前日益严峻的城市公共区域场所拥挤排队问题和安全问题，首先针对城市里车站、机场、医院、体育馆、公园、商业中心等城市重要区域场所人流量提供实时监控，方便用户了解这些重要区域场所的地当前人流量现状，再选择合适的目的地、出行时间和出行方式。其次产品对城市重要区域场所人流量超出常规的情况下进行分级预警，通过消息推送或者短信等方式提醒群众，预防人群过度密集而带来的踩踏等安全事件的发生。,http://zzkf.bigcloudsys.cn:8088/project/detail/2121,2015.07.30
微信排队机,利用微信公众号，开发的一个排队系统。商户用户可以利用用微信预约排号；营业员可以利用微信叫号；可以利用微信打印号单。,http://zzkf.bigcloudsys.cn:8088/project/detail/2167,2015.07.31
嗨皮唠（Happy Chin）语音机器人,,http://zzkf.bigcloudsys.cn:8088/project/detail/2573,2015.08.06
问答,问答是一款为商户提供问卷调查的平台：“问”是指：l 商户通过平台向目标客户群推送调查问卷，收集客户反馈信息。“答”是指：l 目标客户回答调查问卷；l 平台基于大数据，根据商户需求给出各类定制化改进方案。,http://zzkf.bigcloudsys.cn:8088/project/detail/2320,2015.07.31
社交类虚拟社区,将现有的以GIS为基础的社交类软件与虚拟社区相结合。将现实中真实存在的居民社区在GIS地图中呈现。现实住户注册后依照门牌号进行入住。针对小区、单元楼、单元楼内各户均设立交互留言板，以户为单位实现邻里间的信息沟通。小区物业管理者可提供相关证件的电子版注册为小区管理者，小区管理者可以在小区留言板或单元楼留言板发布信息。APP发展初期以提供邻里间信息交互、小区物业管理消息公布等服务类功能为主，后期可引入周边商户广告投放来实现盈利，商家也可针对不同小区投放不同广告。,http://zzkf.bigcloudsys.cn:8088/project/detail/2129,2015.07.30
新同鞋,,http://zzkf.bigcloudsys.cn:8088/project/detail/2390,2015.08.03
和时光, 和时光汇总用户使用移动号码的一些个人经历， 展现自己在使用移动号码过程中的很多第一次，以及很多最事件。让用户了解自己的使用历史。从一个新的维度来了解自己的的使用情况，并分享给朋友。包括时光轴、汇总统计、排行榜、定时提醒四大功能。 ,http://zzkf.bigcloudsys.cn:8088/project/detail/2552,2015.08.06
和教育-找名师,“和教育找名师”是和校园，针对学生、家长对教师提问、和教师沟通的全方位咨询平台。学生在学习过程中遇到困难往往找不到人进行解答，家长辅导能力有限，学生又羞于直接向学校教师求助，家长在管理孩子学习中遇到种种困惑。这些一系列问题都可以在“和校园找名师”平台得到解决，全省3万名师随你挑选，更多名师为你解答，更自由的沟通平台，更广泛的学习空间，更多有益的活动，帮助学生得到全省最优质的教育资源,http://zzkf.bigcloudsys.cn:8088/project/detail/2215,2015.07.31
宝贝回家图像识别插件产品,,http://zzkf.bigcloudsys.cn:8088/project/detail/2287,2015.07.31
实时流量营销机器人,项目采用大数据平台的流处理和内存分析技术实现实时流量营销支撑系统。主要设计思路是利用数据库同步CDC技术将BOSS核心数据实时同步到分布式内存集群上面，开发实时分析程序实时识别用户剩余流量的档次及开发高并发查询接口给各个触点进行查询调用的API。该产品通过API的方式支持实时精准营销，解决业务层面在什么时间精准营销的业务问题。,http://zzkf.bigcloudsys.cn:8088/project/detail/2300,2015.07.31
物流通,本产品为系统产品，硬件方面使用中移物联网有限公司出品的“路尚”，提取车辆的位置和车辆状态等信息，平台端基于“和地图”平台或者各省集客的位置通平台，提供基于位置信息的综合服务，用户端为手机APP，为客户提供物流配送服务。吸引散户物流车队进驻，通过更加高效和精准的配货，实现物流运输的效率最大化，最大限度的利用中小型车队和个人散户。同时，为中小物流企业提供车辆位置信息跟踪，为用户提供货品信息跟踪，并为司机提供车辆状态信息诊断和路况信息推送。,http://zzkf.bigcloudsys.cn:8088/project/detail/2137,2015.07.30
高清实时路况监控,,http://zzkf.bigcloudsys.cn:8088/project/detail/2160,2015.07.31
智能车位,,http://zzkf.bigcloudsys.cn:8088/project/detail/2437,2015.08.03
“快来吧”实景导航产品,"本产品基于智能手机开发，利用手机GPS定位和实景照片，在无GPS信号的室内，提供拍照功能、照片编辑功能，用户可将路线标识在照片上，并分享给好友，为好友指定目标位置,实现快速找到人的目的。",http://zzkf.bigcloudsys.cn:8088/project/detail/2476,2015.08.04
手机e服务,微信公众号--“手机e服务”是一个致力于解决用户手机售后问题的综合性平台，可以为用户提供手机预约寄送修服务，同时也是手机附配件超市。用户可通过搜索或扫描二维码关注微信公众号后注册登录，进行微信故障手机的维修预约，选择预约就近维修网点或寄修至维修网点，提交预约后可查询维修进度，维修完毕取机后还可以对维修网点进行评价。通过微信公众号注册成为粉丝的用户，通过微信菜单栏进入微信公众号所对应的微店，在微店里挑选数据线、贴膜等手机附配件等。通过此微信公众号可实现O2O项目的末端客户服务功能，为移动客户提供便捷、高效、差异化的终端售后服务新模式，能有效减少物料流通环节，缩短维修时效，实现资源的集中利用，并且能够有效控制服务质量，更好地服务于移动客户。,http://zzkf.bigcloudsys.cn:8088/project/detail/2269,2015.07.31
智能马桶,,http://zzkf.bigcloudsys.cn:8088/project/detail/2231,2015.07.31
快驴,,http://zzkf.bigcloudsys.cn:8088/project/detail/2508,2015.08.05
和你在一起,,http://zzkf.bigcloudsys.cn:8088/project/detail/2279,2015.07.31
全卡通APP, 开创“电信级服务互联网+”新时代！一个APP绑定所有会员卡、积分卡，避免随身携带大量卡片，保证用卡安全方便，不错过任何优惠！除普通优惠外，用户更可以花移动积分享受商家与移动公司合作提供的专属活动，获得高端体验！本应用帮助用户获得实惠、帮助商家获得更广更权威的推广，更使得移动公司深度参与互联网经济，形成新的杀手级应用！ ,http://zzkf.bigcloudsys.cn:8088/project/detail/2536,2015.08.05
和语,本产品是为了让用户快速又和谐通话而开发出的手机App，App可以通过自动或者手动采集用户的数据从而获知用户当前状态，主叫用户在打电话的时候可以及时做出选择。被叫用户可以通App查看其忙碌期间，试图要打进来的电话，从而做出响应的回应，达到和谐通话的效果。,http://zzkf.bigcloudsys.cn:8088/project/detail/2553,2015.08.06
一公里, 《一公里》专注于提供可以就近解决需求的信息服务，让用户立马就可以在附近找到所需要的地方。系统在后台统计人们在同一地点的相同需求的解决情况，优化计算出大多数人在同地点认为很好的候选方案给用户。对于广大人民群众，当你出门在外时，找厕所、找停车场、找超市、找银行、找馆子这些临时起意需要可以马上就近解决的需求是非常普遍的，本产品的目的就是深度解决这种临时性的信息需求。本应用的特点是通过你使用产品的行为可以实现正向反馈，通过机器挖掘引擎实现人们信息互助的优化选择，以获得更好的服务。 ,http://zzkf.bigcloudsys.cn:8088/project/detail/2576,2015.08.06
LTE网络感知分析产品,随着LTE网络规模的扩大以及用户群体的不断上升，LTE网络的投诉量也增长迅速，而我公司4G网络万投为全国均值的两倍，是我公司亟待解决的短板之一。然而，受测试人员及测试手段所限，加上网络环境复杂，很难准确对用户投诉场景进行还原和分析，给后续的问题解决带来极大的不变。为此，网络部投诉管理团队计划开发一款LTE网络感知分析产品，通过网站或短信宣传，以及话务员引导的方式，由用户下载测试软件，充当测试员，而网络维护人员通过分析用户反馈的测试数据，来对投诉点问题进行定位处理，提高用户感知，降低投诉。为了尽量缩短开发周期、扩大使用范围，计划采用手机APP嵌套的方式，利用现有的手机流量管家的用户群，采用软件升级的方式将LTE测试软件集成在手机流量管家之中，并设置一定的奖励规则，来激励用户主动发起测试，确保测试数据的有效性和普遍性。,http://zzkf.bigcloudsys.cn:8088/project/detail/2073,2015.07.29
联调及上线日报查询系统,"1、针对所有的项目组，可以进行实时的查询联调的当前进度、联调受阻遇到的问题、上线等相关信息
2、联调人员可以针对每天都具体联调情况来进行更新当前的联调进度和遇到的问题
3、上线人员可以查看预上线都网元的联调情况来判断是否能上线，若上线则填写相关的上线信息等等
4、设置有后台管理，适合每个项目组根据本身的个性化来设置
5、后期准备设置权限来进行管理，即后台管理仅特定的管理员来进行设置，查询部分也只能分配权限的部分来进行，联调日报和上线内容的更新等等都需要根据权限来操作",http://zzkf.bigcloudsys.cn:8088/project/detail/2145,2015.07.31
随手教- 让老人家玩转智能手机, 你还在为怎么远程教父母如何转发微信消息挠头吗？ 你还在为父母不知道如何选择wifi和数据业务着急吗？有了随手教， 只要你和老人家均打开随手教应用， 你就可以将你在手机上的操作教程原封不动的传递给老人家的手机上去自动执行和展现， 有了它就不用再为父母不会操作智能手机而操心了。  除了随手教客户端应用以外， 配合工作的云测试中心还是一个众筹的智能终端问题解决方案平台，也即是一个开放的专家知识库。 每个用户为自己父母解决问题的方案教程（操作序列脚本）也都将免费共享在云平台供其他用户查询和下载使用，实现“我为人人， 人人为我”的开放理念。 ,http://zzkf.bigcloudsys.cn:8088/project/detail/2464,2015.08.04
理科男居家手册-女汉子生活指南,生活中会遇到物品损坏，下水道堵塞，电器保养等多项问题。这款APP可以教大家如何最高效率，最方便的解决这些问题。,http://zzkf.bigcloudsys.cn:8088/project/detail/2210,2015.07.31
O2O+模式探究及实现, 为提高智能机与4G手机的普及率，根据易观最新监测数据显示国内智能手机的普及率已超过70%。同时，其价格也在不断走低，不断向三四线城市渗透，功能机用户加速换机促使智能手机的保有量呈现高速增长。 将网厅、移动商城在售的交费、数据业务、主套餐等在售产品，以二维码承载链接的方式，通过在客户经常接触的渠道布放，如自助终端欢迎界面、产品海报、营业厅、户外广告，通过客户扫码实现业务自助查询、自助办理，达到电子渠道推广和业务分流的目的。 ,http://zzkf.bigcloudsys.cn:8088/project/detail/2213,2015.07.31
满意宝,满意宝，保满意。针对用户投诉的问题，形成投诉工单，在工单流转过程中，实时显示工单流转的情况，并显示每个环节处理人员的处理方式或处理意见，并给出预期解决的时限。,http://zzkf.bigcloudsys.cn:8088/project/detail/2249,2015.07.31
2015开发大赛-咪咕秀秀,,http://zzkf.bigcloudsys.cn:8088/project/detail/2479,2015.08.04
智慧课堂,《智慧课堂》是一款中国移动校讯通的附加值产品，主要专注于中、小学学生学习语文课本内容的一个课外学习平台，它将课本内容创新制作成实景故事短片形式，做到寓教于乐，最大程度上方便中、小学学生及家长随时随地进行语文课本内容的理解和学习，为中、小学学生学习语文营造轻松的学习环境。智慧课堂产品紧紧围绕“轻松、快乐学语文”这一主题，对中、小学学生语文课本内容创作和设计。,http://zzkf.bigcloudsys.cn:8088/project/detail/2251,2015.07.31
“叮邻”,,http://zzkf.bigcloudsys.cn:8088/project/detail/2255,2015.07.31
手机路由器,,http://zzkf.bigcloudsys.cn:8088/project/detail/2256,2015.07.31
分享达人,,http://zzkf.bigcloudsys.cn:8088/project/detail/2559,2015.08.06
2015开发大赛-中国移动信用认证体系,,http://zzkf.bigcloudsys.cn:8088/project/detail/2482,2015.08.04
和造型APP,,http://zzkf.bigcloudsys.cn:8088/project/detail/2259,2015.07.31
基于n2n的“和互联”vpn微平台,,http://zzkf.bigcloudsys.cn:8088/project/detail/2516,2015.08.05
手机健康助理, 手机健康助理是定位于根据用户需求量身定制提供更精准、更便利、更健康的生活服务类产品，它像大白一样，能够为及时扫描用户的智能生活健康状态，发现存在的问题，并提供优化后的个性化解决方案。 ,http://zzkf.bigcloudsys.cn:8088/project/detail/2280,2015.07.31
一点通, 围绕“以工作手机促进4G发展，让每位集团成员的手机都成为工作手机”的总体目标，公司大力发展工作手机业务。中高端政企客户出于安全考虑，在工作手机组网中大多要求采用APN专网方式进行部署。 目前在手机上配置APN和进行APN网络切换缺乏有效工具，造成手工配置繁琐，技术要求高，切换极不方便，客户感知低下。“一点通”智能APN切换工具是一款面向集团行业客户提供的一款APP产品，为开通APN的客户提供一个简单的切换工具。“一点通”智能APN切换工具，分为APN云平台和手机客户端。集团客户开通APN业务时，APN云平台自动从BOSS获取APN配置信息，并主动推送到集团客户手机端。用户通过客户端软件实现一键配置和一键切换，配置信息随时与平台同步。“一点通”智能APN切换工具具有以下功能特色：1、云端配置：APN参数不需要人工输入到手机，云平台空中下发参数到手机，客户直接使用。2、便捷切换：APN内外网切换简单，一键完成。3、安全可靠：配置信息云平台统一保存和管理，系统自动实现用户识别，策略选择下发。 ,http://zzkf.bigcloudsys.cn:8088/project/detail/2538,2015.08.05
基于短信和电力载波的智能插座系统,实现短信与电力载波结合控制智能插座,http://zzkf.bigcloudsys.cn:8088/project/detail/2177,2015.07.31
Ifan,一、产品主要思路：将客户对象从目前的个人客户、大企业客户向“大行业，微企业”的聚类客户拓展，以互联网思维将目前公司掌握的数据能力变现。餐饮二、主要产品功能：基于APP客户端，解决“食客”到餐饮商家的“最后一公里”问题： 1、面向食客：客户通过手机APP，可以进行空位查询、在线排队、订座、提前点菜，拼桌、即时评论，参与投票经典菜品等线上活动，用手机积分兑换菜品，管理餐饮商家的优惠卡信息。 2、面向餐饮商家：商家可以通过系统发布空位信息，管理排队客户，管理饭店座位利用率，获取客户评价，推出系列优惠活动，针对目标客户进行精准宣传。3、形成规模后推动我公司业务发展： （1）将平台商家纳入联盟商家体系范围，可打通我公司资源的出口和支付通道 （2）通过针对商户提供“精准广告”模型，将大数据信息和位置信息变现。,http://zzkf.bigcloudsys.cn:8088/project/detail/2191,2015.07.31
拼拼go, 目前，电商发展迅猛，主要分为淘宝商和微信网商两块，而我们普通消费者也是大部分从这两个平台进行消费。但是有时候客户可能会为了一件东西的邮费而需要拉动身边的朋友或者购买一些不需要的拼单产品而达到省邮费的目的，这无疑是种浪费的表现。另一方面，从微商进行购物，我们往往会不知道身边的微商所售的商品和评价。“拼拼go”主要针对这种现象提供让同城客户拼单，客户可以发起同城拼单请求而达到省去邮费并以批发价购买产品，在各地主要城镇设自提点或者送货上门。而对于微商，“拼拼go”提供一个类似黄页大全的平台供买家浏览商品和查看微商的评价，同时还支持“go友”交友功能，这样无论对商家还是客户都提供了便捷。 ,http://zzkf.bigcloudsys.cn:8088/project/detail/2452,2015.08.03
你约我跑,"""你约我跑""是一款和朋友悬赏做任务的APP应用。",http://zzkf.bigcloudsys.cn:8088/project/detail/2555,2015.08.06
和护呵护您的手机,,http://zzkf.bigcloudsys.cn:8088/project/detail/2371,2015.07.31
报警器, 报警器作用对象为老人、孩子和单身女性。使用市面成熟的智能按键做触发，依托12580客服和LBS系统为客户提供快速的咨询服务。 ,http://zzkf.bigcloudsys.cn:8088/project/detail/2142,2015.07.31
妈妈去哪儿, 妈妈去哪儿是一个为年轻妈妈设计的生活实用型APP，此产品的价值为让妈妈照顾宝宝更轻松，减轻年轻妈妈在购买母婴商品时的负担，减少在实体卖场购买商品的经济、时间成本。产品功能特色 妈妈去哪儿的功能特色为在进一步细分母婴商品市场的基础上提供母婴实体店咨询的垂直服务，包括实体店折扣活动信息、母婴商品比价及实体店位置查询等服务，为妈妈提供最适合自己的母婴店。,http://zzkf.bigcloudsys.cn:8088/project/detail/2408,2015.08.03
和营销,“和营销”是一款基于安卓智能手机技术，融合中国移动能力开放平台，帮助政企用户进行市场营销推广的移动互联网工具。,http://zzkf.bigcloudsys.cn:8088/project/detail/2180,2015.07.31
“移动空间”4S服务站，数字内容发布, 4G时代，随着微信传播及自媒体传播的不断发展，传统的短信营销、彩信营销模式由于受内容量大小局限，承载能力低，发布灵活度低，已不满足现阶段流量经营需要，正渐渐退出历史舞台。随着4G发展速度加快，智能手机大面积普及，ASP+Access技术在手机端以html页面展示灵活多样（含图片、文字等）的应用模式愈来愈多，可以承载更多内容，用户体验更优。 但该应用受制于技术门槛，页面编辑技术不能很好的在营销人员中普及使用，而利用现有的第三方能力受获取难度大，自主性差，边际成本高等多方面因素制约。 本系统将为营销人员提供便捷的html页面编辑平台，无需掌握专业知识也能快速上手，实现页面编辑并自主发布。,http://zzkf.bigcloudsys.cn:8088/project/detail/2202,2015.07.31
流量钱包产品,流量钱包是云南移动针对当前客户最关注的“流量不清零”问题，最新推出的一项流量可滚存使用的服务举措。用户的月末剩余流量、参加营销活动获赠的流量只要存入“流量钱包”中，即可滚存使用不清零。同时，客户可以随时、随地从流量钱包中自由提取剩余流量到手机号码里使用或兑换成云南移动的其他产品（如话费、积分、通话时长等）,http://zzkf.bigcloudsys.cn:8088/project/detail/2470,2015.08.04
除了优衣库哪里还有试衣间？上“逛街”看看！O2O帮助实体商家斗电商,,http://zzkf.bigcloudsys.cn:8088/project/detail/2234,2015.07.31
《宇宙战争》手机游戏,,http://zzkf.bigcloudsys.cn:8088/project/detail/2248,2015.07.31
宠爱有家, “宠爱有家”是一款利用手机定位、推送等功能为家有宠物需要寄养和喜欢宠物的人士搭建起沟通，寄养的桥梁和社交平台。解决家有宠物的人士由于工作、生活的原因需要暂时寄养宠物，又难于找到具备饲养条件、地理位置相近、价格合理的爱宠人士的问题。另一方面，又满足了爱宠人士照顾宠物、交流的需求。 “宠爱有家”提供如下特色功能： 1、我要“寄养”：由于达成“寄养”需要双方确认，为了加快双向确认过程，降低APP使用门槛。拟采取“抢单”+“筛选”的形式完成寄养确认过程。具体如下。 （1）宠物主人首先填写宠物及寄养基本信息，包括宠物名称、宠物照片、宠物种类，宠物体型，照顾注意事项、需要寄养的时间等，寄养环境要求。发送寄养请求； （2）请求发送后，后台将根据宠物主人位置信息、宠物类型；爱宠人士的位置信息、是否通过认证、过往评价等向爱宠人士推送宠物主人的寄养信息； （3）爱宠人士以“抢单方式”接收宠物主人的请求，并发送价格信息（如有）； （4）宠物主人通过推送收到爱宠人士回复，从中挑选心仪的服务，确认完成寄养确认过程； （5）寄养结束后，宠物主人可以对饲养 （6）另一方面，APP会提供能接收寄养的爱宠人士的列表，用户可在列表中选择，并联系爱宠人士完成寄养（以评价，是否通过线下认证进行排序）。 2、我要“代养”：具有饲养能力和环境的爱宠人士，可以在平台登记注册，提供饲养宠物类型、饲养环境图片、位置等信息。 （1）线下认证：爱宠人士可要求进行线下现场认证，是否经过认证将会会在排序、以及信息推送中予以考虑。 （2）定期跟踪：寄养期间，爱宠人士可把宠物日常情况通过视频、图片的方式发送给宠物主人，增加彼此信任的同时，建立更紧密的联系。 （3）评价系统：建立评价系统，根据用户反馈、线下认证情况对爱宠人士进行评价，作为系统推送、宠物主人选择寄养的考虑条件。 （4）个人空间：爱宠人士可以在平台上建立自己的“宠物之家”，向其他爱宠人士分享饲养宠物的经验，逐渐形成自己的宠物圈子，此部分作为社交平台的一部分。 3、流浪宠随手拍：以移动提供融合定位能力为基础，爱宠人士可以通过“随手拍”的功能向其他用于分享流浪动物的信息，让流浪的动物有更多的机会获得照顾。 4、在线支付能力：以移动提供的和包支付、银联支付、微信支付等支付能力为基础，搭建支付平台，便于用户对寄养服务进行付费。另一方面，也为后续的计划（引入兽医、宠物商店，不在一期建设内容）提供支付基础。 5、社交平台：为宠物主人、爱宠人士（甚至未来会包括兽医）搭建沟通桥梁。通过分享饲养经验、宠物照片、宠物视频、与宠物生活的点滴，逐步建立起以宠物为中心的圈子，从而增加APP/平台使用的粘性。,http://zzkf.bigcloudsys.cn:8088/project/detail/2322,2015.07.31
途说（ Trip-Chat）语音社交,,http://zzkf.bigcloudsys.cn:8088/project/detail/2570,2015.08.06
记朵小红花, 该产品定位为在孩子成长过程中的互动教育帮手。促进亲子互动，记录孩子成长过程中闪亮点和不听话的时刻；以友好的界面展示获得的小红花等奖励；并可作为辅助分析工具，在积累一定时间的信息以后，可帮助自动分析孩子在哪些方面比较听话、有优势和感兴趣，在哪些方面比较抵触、逆反等信息。具备APP客户端，支持本地和云端存储，支持联网和单机模式，随时随地使用，快捷方便。 ,http://zzkf.bigcloudsys.cn:8088/project/detail/2336,2015.07.31
默默享,依托移动通信平台，解决生活中难题，寻找新的商机,http://zzkf.bigcloudsys.cn:8088/project/detail/2351,2015.07.31
淘旧,"该产品是一个校园服务APP，总体规划包括校园的科目考试成绩查询、课表查询、二手物品交易、食堂订餐、顺风车上下课（自行车）、家教兼职、社区吐槽等，本期主要侧重于二手交易。
1、用户下载APP并注册后，可以查看校园内学习生活需要使用到的新旧物品，以实惠的价格买到合用的物品；
2、用户不常用的物品，可以将其信息发布到APP上，供其他需要的同学购买；
3、后期可以增加其他校园服务：如考试成绩查询，课表查询，家教兼职等；
4、产品发展到一定程度可以与社会二手市场进行合作，到平台进行物品出售。",http://zzkf.bigcloudsys.cn:8088/project/detail/2115,2015.07.30
和厚情,,http://zzkf.bigcloudsys.cn:8088/project/detail/2542,2015.08.05
蝠导员,众所周知，蝙蝠采用超声波信号进行探测与定位。本产品从中得到灵感，利用蓝牙技术对停车场内的用户进行定位，从而引导和帮助用户找到目标车辆。,http://zzkf.bigcloudsys.cn:8088/project/detail/2543,2015.08.05
我的和包我做主,,http://zzkf.bigcloudsys.cn:8088/project/detail/2294,2015.07.31
正能量胶囊,"1、用户可以将日常生活中对自己有启发有感悟的资料,分类保存到软件中2、当用户需要对自己进行激励或提醒时，可以浏览之前保存的资料，帮组自己走出牛角尖",http://zzkf.bigcloudsys.cn:8088/project/detail/2218,2015.07.31
路况查询,,http://zzkf.bigcloudsys.cn:8088/project/detail/2483,2015.08.04
测脉搏,手机精准测试脉搏（心率），为用户提供简单的健康服务和咨询。,http://zzkf.bigcloudsys.cn:8088/project/detail/2496,2015.08.04
和调查, 社会企业针对用户进行调查，最难以做到的就是调查用户的有效性。例如：超市想调研下载附近小区居住的用户，对哪个品牌的大米最有钟爱。通过网上调查，容易太泛滥；而通过现场调研，时间和成本又太高。利用中国移动的大数据，能够有效的圈定调研的对象，邀请进行答题，有效、准确的反映真实情况，解决调研活动的痛点。 我们团队想开发的就是这样一款调研问卷产品，能够收集企业的调研要求、筛选调研对象、发送调查问卷、统计调研结果，形成调研报告。 在这个过程中，由企业支付调研费用，返还话费、流量、积分、礼品给参与调研的客户，形成系统拓展使用的良性循环，为移动集团巩固客户和带来收益。,http://zzkf.bigcloudsys.cn:8088/project/detail/2533,2015.08.05
嵌入式流量实时提醒, 嵌入式流量实时提醒是在客户访问网页或者在线观看视频、图片等文件时，为客户提前预估要浏览的内容文件大小，下发至客户，给客户一个欲访问内容的流量感知，并由客户确认停止访问该网页；在客户访问网页或观看视频过程中，为客户提供实时流量使用情况，通过滚动显示的方式提供给客户，并可终止访问。,http://zzkf.bigcloudsys.cn:8088/project/detail/2046,2015.07.25
和商机,“和商机”产品，是基于智能管道和规模优势，汇聚位置轨迹、上网轨迹、访问内容等数据，依托大数据技术面向小商户、行业客户提供以客户在哪里，如何接触，接触的时机等问题为核心的营销规划服务。商户可以通过APP或网页的方式获取线上广告选址、评估，线下店面选址、营销宣传选址，派单和自动签到服务。,http://zzkf.bigcloudsys.cn:8088/project/detail/2462,2015.08.04
微社区您的私人生活管家产品方案, 面向现代化社区业主提供融合社区小额商业、即时通讯、便民地图导航等功能为一体的APP，一方面为业主提供便利社区生活服务，一方面为社区周边商家提供信息化解决方案，有效提升营业额，带来商业价值。小额商业：针对小区超市、餐馆等提供商品/菜品展示及订购等O2O平台，并针对特价商品提供专属展示区；提供线上支付能力，部分解决小额商业送餐人员预备现金、现金结算找零等问题；可选的渗透NFC支付POS机；社区论坛：为物业提供信息发布平台，业主实名认证后可在本社区论坛发布帖子，与同社区实名认证业主间即时通讯，游客只可浏览公共信息、帖子并发布评论；便民地图：小区周边电费、水费等生活缴费地点，移动营业厅，大型超市，公交站点，体育场/运动场馆等位置、联系电话、地图等信息展示 ,http://zzkf.bigcloudsys.cn:8088/project/detail/2224,2015.07.31
旅游指南APP,,http://zzkf.bigcloudsys.cn:8088/project/detail/2484,2015.08.04
投你妹（运营商创新型客户投诉受理大数据产品方案）,目前，几家运营商每年都会投入很大人力物力来提升服务质量，但因通信服务的特殊性，加之近年来客户服务期望的提高和维权意识的增强，投诉问题仍是按下葫芦起来瓢，这让运营商头疼不已。按照以往的方式，对各运营商来说，都会去耗时耗力，建立一整套应对投诉的处理流程，招聘大量客服人员，积极有效的针对客户反应的问题给予响应，给客户以满意答复，降低升级投诉。这种方式虽然有效，但也会带来较高的运营成本问题。包括客服，呼叫中心，网优，测试等成本开销。我们的产品方案，是研发一种创新型的、可面向三大运营商的客户投诉受理大数据产品，包括前端APP以及后端大数据分析系统。主要功能包括： 鼓励广大普通用户可以通过APP方式上报通信业务过程中发现的各类异常事件，包括但不限于：无信号，弱覆盖，掉线，上网速率慢，单通，频繁异系统间转换等现象。 根据普通用户上报的内容，后台进行网络质量相关的大数据匹配分析，并设定精确的规则，对于真实上报投诉的客户，给予奖励（以流量币的形式）。流量货币可以用人民币充值，主要应用于前期对用户的补贴、以及用户之间代替现金进行的交易。 流量币可以兑换成中国移动的流量，可以增加夜间流量包、本地流量包等对用户使用流量进行导流。 流量币可以与其他中国移动旗下的APP联动，例如购买和阅读中的电子书和电子文档，购买彩铃音乐等。 流量币可用于购买中国移动电商的商品，包括实物类和虚拟类，配合市场部做手机促销等。 流量币可以代替用户间的现金交易。目前数据通信已经成为人们生活中不可或缺的日常活动之一，中移动有超过8亿用户，越来越庞大的用户群体产生的投诉也越来越多的进入客服系统，对客服系统造成越来越大的压力，成本开销也越来越多本产品可以通过一种类似游戏任务的方式，调动广大用户的力量，通过APP方式让用户上报自己通信过程中遇到的问题，而对于后台系统，通过协同网络质量的大数据分析，确认存在网络问题的地方，通过一定的奖励方式赠与用户。 这样达到如下效果： 大量用户投诉可不再直接进入运营商客服系统。这会大幅降低运营商自身的投诉数量，从而大幅降低其运营成本。 对于确认用户上报问题确实属实的情况，给予一定量的奖励，这种奖励可包括运营商自有积分奖励，流量奖励，自有数据业务奖励（如和阅读，和音乐，和游戏，和彩票等奖励方式），外部第三方合作商户奖励。 通过上述方式，一举三得，实现共赢：n 将广大普通用户变成网优前端，问题发现的前沿。大幅降低投诉处理的工作量，结合大数据分析技术，可精准定位网络质量问题，从而节省大量的投诉部门、网优部门人力物力投入。n 通过奖励的设置，如自有积分奖励，流量奖励，自有数据业务奖励方式（如和阅读，和音乐，和游戏，和彩票等奖励方式），可协同促进运营商自有互联网业务的发展。这种奖励付出的成本，要低于节省下来的OPEX成本。n 广大普通用户通过APP方式进行上报，获得一定的奖励，这就是给大众人群提供二次创收或者盈利的模式。,http://zzkf.bigcloudsys.cn:8088/project/detail/2535,2015.08.05
积分众筹,   积分众筹是一款基于移动互联网和智能终端的平台软件，为解决移动积分只能用于兑换礼品或话费等功能单一问题而提供的有效方案，目的在于充分挖掘积分潜在价值，快速回收企业成本及增强用户的移动品牌忠诚度。 ,http://zzkf.bigcloudsys.cn:8088/project/detail/2325,2015.07.31
儿童安全手环语音插件产品,,http://zzkf.bigcloudsys.cn:8088/project/detail/2369,2015.07.31
“和你丸”基于时间、区域、定向应用的流量互动平台,,http://zzkf.bigcloudsys.cn:8088/project/detail/2370,2015.07.31
和相伴,,http://zzkf.bigcloudsys.cn:8088/project/detail/2384,2015.08.03
真正永不停机方案,目前用户一般开通CMWAP，CMNET，CMPAY等接入点，建议停机不停CMPAY，实现永不停机提供基础通信和信息服务：,http://zzkf.bigcloudsys.cn:8088/project/detail/2184,2015.07.31
校园社区,制作一个专业的社交圈APP，针对大学生客户群，采取会员制申请注册，确保注册者均为在校大学生，在APP中内置各类型社交圈业务，譬如“学霸帮解题”帮助学生与专业人士或学霸建立沟通渠道，提升学习效率；“户外运动者”使旅游爱好者能同交流等等。同时学校社团组织也可以申请在该APP发布活动信息，利用4G网络现场直播社团活动。,http://zzkf.bigcloudsys.cn:8088/project/detail/2214,2015.07.31
小招贴电子铲,,http://zzkf.bigcloudsys.cn:8088/project/detail/2471,2015.08.04
家庭宽带信息管理小工具,依托家宽整体建、营、装、维的理念，实现建设进度表的呈现，由本工具系统提供的多条件查询和筛选功能实现对符合筛选条件的家宽进度的全量信息查询。从而替代原有的古老“Excel数据表”拼表的方式，进一步解决数据的准确性等相关问题。开发后期，可在数据到户的理念基础上，可实现用户到期提醒，投诉建议等功能。,http://zzkf.bigcloudsys.cn:8088/project/detail/2239,2015.07.31
看啥呢免流量预告片APP, “看啥呢”是一款在线视频APP。提供当前热门电影的预告片供用户免流量在线观看，流量通过后向支付的方式，由电影宣发公司以及院线付费买单。预告片的观看将会带动更多的观众进影院观影，从而提升电影公司以及院线的票房收入。应用还集成各大在线购票APP的比价功能、影院上座信息等，免去打开多个在线购票应用查询电影票价的烦恼，为用户提供一站式预观影服务。 ”看啥呢“还可自动识别客户所在位置，对进入影院商圈的客户进行新上映电影预告片、优惠信息推送，后向为电影发行方、院线提供服务即营销的大数据营销支撑能力。“看啥呢”不只是一个简单的视频应用，它的背后是一种全新的商业模式。“看啥呢”不只是一个简单的视频应用，它的背后是一种全新的商业模式。“看啥呢”不只是一个简单的视频应用，它的背后是一种全新的商业模式。重要的话说三遍！看啥呢与众不同的地方在于，它改变了过去电影通过媒体宣传的传统宣发模式，将电影宣传发行过程数据化、互联网化，利用互联网应用的精准营销，直达目标用户。运营商可以从电影营销互联网化的过程中，找到流量业务新的玩法，新的增长点。新模式下的未来，是观众、电影宣发公司以及运营商三赢的局面。 ,http://zzkf.bigcloudsys.cn:8088/project/detail/2240,2015.07.31
感知眼（业务智能镜像拨测）,“感知眼”是一款基于用户感知体验的自动网络拨测设备，可灵活部署在不同业务的末端并根据不同业务灵活定制测试需求，设备入网后自动定时进行自下而上纵观式的检测，模拟用户感知精确定位故障并将拨测结果信息上报给拨测管理平台。拨测管理平台部署在政企资源池，集中对“感知眼”终端管理和采集测试数据，故障出现或业务影响用户感知时发出告警。根据上报的测试数据，可客观把握业务的性能及发展趋势，为网络优化和业务扩展提供科学的依据。,http://zzkf.bigcloudsys.cn:8088/project/detail/2568,2015.08.06
流量游戏宝,,http://zzkf.bigcloudsys.cn:8088/project/detail/2334,2015.07.31
客户征信信息查询应用 ,随着国家改革的深入发展，个人以及社会的信用愈发重要。当前国家正在推进个人信用体系建设，各行各业都在着手构建各自的征信标准。在此背景下，我们开发此客户征信查询应用，构建我司客户的专属信用评级体系，并在此体系的基础上与银行通力合作，为其提供客户信用信息参考，助力银行的信贷业务，同时也借此机会完善我司客户的信用体系标准。产品的内容如下：征信系统根据我们用户的星级评估、在网时长、是否实名制、停机次数、消费水平以及固定套餐额度等信息，合理规划各项信息在信用评价体系中的权重占比，从而核算出客户的综合信用评估等级，分为低、中、较高、高四个信用等级。与我们签署合作协议的银行可通过专线网络在我们的系统上向用户发起查询信用信息的授权申请，发起授权申请后，我们的系统将向用户推送一条授权短信，用户回复授权后银行方可查询用户在我司方的信用信息，同时，银行获得用户授权后还可以下载用户信用报告。另外，为了保障我司客户的信息安全，系统为每个合作银行生成了一份专属的安全证书文件，只有通过此安全证书才能访问我们的系统，实行安全监督，确保责任落实。,http://zzkf.bigcloudsys.cn:8088/project/detail/2341,2015.07.31
我生活足迹,随着互联网的深度发展，社交平台愈发重要，而在社交平台上分享自己的生活轨迹成为了广大用户日常生活中的一种时尚，比如在微信朋友圈分享自己日常生活的点滴。在此背景下，基于我们中国移动的平台推出了此项共享生活足迹产品，产品的内容如下：我们的系统将根据基站的信息记录下用户不同时间段所驻留的地点，并依据这些信息为每一位用户创建专属的日足迹、月足迹以及年足迹信息。足迹信息主要包括时间点与地点两项信息，将以节点图（下称轨迹图）的方式进行展示。用户通过移动端访问我们的页面，即可查询自己的日足迹、月足迹以及年足迹信息，并可选择将此足迹晒到微信朋友圈，新浪微博等社交平台上与好友共享。同时，还可以邀请好友参与晒出他/她的生活足迹。此外，还可以向好友申请查询指定时间段内相互间的足迹切合度，对方同意后便可查看足迹切合度信息，同时也可以将双方的足迹切合度信息晒出来与好友共享。,http://zzkf.bigcloudsys.cn:8088/project/detail/2337,2015.07.31
云监控绿色版,,http://zzkf.bigcloudsys.cn:8088/project/detail/2372,2015.07.31
智慧WiFi, 这是一款基于商业wifi的定制开发，通过用户对wifi的刚需推出对应的精准营销方案，只要用户在商业wifi覆盖的热点就有可能将wifi运营商或商家的资讯推送到用户的终端而达到营销目的，产品更关注的是推广内容是否能真正为用户带来价值和让用户感兴趣。 ,http://zzkf.bigcloudsys.cn:8088/project/detail/2399,2015.08.03
和方便,在陌生或者拥挤的地方，为用户快速定位身边最近最舒适的厕所。,http://zzkf.bigcloudsys.cn:8088/project/detail/2367,2015.07.31
录高,“录高”主要是面向我国高考学生提供的集国内主要高校特色专业介绍，各高校近三年录取分数线电子查询；并根据学生高出一类、二类、三类本科分数线的相对分数，通过系统历史数据经验，按地域给出可能录取该考生的学校建议，以及专家咨询等服务的手机客户端应用，为高考考生志愿填报决策提供相关数据支撑服务。产品功能特色按地域、录取分数（绝对）、高校级别对高校进行模糊查询；根据学生的考试分数，根据历史数据经验，给出各类维度的参考建议两大功能。,http://zzkf.bigcloudsys.cn:8088/project/detail/2401,2015.08.03
推主  ---- 靠谱的推荐, 产品是基于社交、大数据和LBS的推荐服务，目的是提供高质量的自发推荐平台，让小伙伴们把自己亲自体验过的新鲜、热门的好东西推荐出来，并进行交流，逐步形成高质量的推荐社区。 ,http://zzkf.bigcloudsys.cn:8088/project/detail/2187,2015.07.31
音迹,音迹。名称含义介绍：“音”代表是每个用户的声音，是用户在这个时刻喜怒哀乐的一种体现。“迹”代表轨迹，是用户随着时间推移坐标位置的连线。当不同用户的或欢喜或悲哀的声音重叠在同一个坐标，就是每个用户音迹的交轨。这种交轨给我们的产品带来无限可能。 在中国的各处景点乃至世界的各处景点，经常可以看到“XX到此一游”的留言，这种破坏文物和整体景观的行为应受到谴责。但换个角度思考，说明广大游客有在旅游景点留下“到访证明”的需求。有需求就有机会，因此我们针对此策划了该产品方案。  “音迹”这个APP，主要让用户通过声音留言方式进行留念或社交。,http://zzkf.bigcloudsys.cn:8088/project/detail/2578,2015.08.07
微信公众号行业应用快速定制平台,,http://zzkf.bigcloudsys.cn:8088/project/detail/2323,2015.07.31
智慧公交,智慧公交依托互联网思维，将公交相关服务通过手机来实现。用户可以通过客户端，查询公交车辆车辆实时位置、上下行站点信息，换乘查询、到站距离及通过优化算法计算出的到站时间，方便用户及时选择乘车计划，节约用户时间，提高出行效率。智慧公交可以提供公交车实时地理信息，并在地图上显示定位信息。,http://zzkf.bigcloudsys.cn:8088/project/detail/2078,2015.07.29
和聚-移动业务众筹平台,,http://zzkf.bigcloudsys.cn:8088/project/detail/2150,2015.07.31
基于位置信息的智汇终端大数据分析产品,通过现有或部署新的室内外智能终端接入点（AP），抓取相关位置及其他必要信息，对进行客户来源去向、行为画像（性别、年龄、兴趣偏好、消费水平、常去消费场所等）、客流分析等信息进行基于位置的大数据分析，面向普通客户、企业型客户的选址、商业位置评估、客流分析等提供企业级商用服务。,http://zzkf.bigcloudsys.cn:8088/project/detail/2316,2015.07.31
“V品荟”产品基于大数据征信中心的VIP消费平台,基于中国移动大数据网络，搭建起用户互联网征信中心，通过底层计费、信用评估等圈定高价值目标客户群（VIP群体），并通过后端集合众多中高端的服务合作商，为目标客户推送个性化生活体验定制服务，以及结合客户授信，提供一系列信用增值体验。我们的产品包含专享消费、信用增值、服务管家三大模块。我们只是优质生活的搬运工，一切只为最懂得享受的您！,http://zzkf.bigcloudsys.cn:8088/project/detail/2363,2015.07.31
和你,  该款APP手机应用旨在互联网中建立一个寻人、找人的公众平台，从而实现不同人对于寻人找人的差异需求。 该产品主要关注两大寻人类别：一、找陌生人：寻找指定事件目的的陌生人，例如：和你一起爬山，和你遛狗，和你打球，和你拼车上班等。通过位置信息及寻人事件，智能匹配，从而实现陌生人之间对于某一特定事件的交流约定分享平台。二、找熟人：  和你在一起：例如寻亲属，寻好友，寻失散多年的孩子等。该板块带有公益性质。用户可以上传熟人基本资料，基本信息，照片或视频。其他用户可以根据基本信息提供寻找线索，寻找方法等。用户也可以上传疑似失散人员的图片，视频资料等，建立失散人员信息库，以供其他人员查询。该功能需要政府支持，并与12580打通接口。,http://zzkf.bigcloudsys.cn:8088/project/detail/2377,2015.08.01
和你旅游不一样的入住,激活全国存量住房资源，汇聚大量个人住房资源，用户可用房产证，身份证免费注册，登记，发布个人入住容留信息（包括闲置住房及现住房），支持异地预定、线上撮合交易。解决人们外出旅行时景区周边宾馆少，预定难、价格贵，便宜宾馆环境及卫生条件差的问题。,http://zzkf.bigcloudsys.cn:8088/project/detail/2298,2015.07.31
嗨！走起来,一款可以设置虚拟跑步/步行场景的计步软件，产品内置几个国内/国外著名的景点作为虚拟场景（免费），内置几个卡通人物形象（免费）。用户使用时可以将手机或者计步器绑在手臂或者手腕处，开始行走，软件点击开始，计步后，软件中用户自选的动画形象会在用户自选的虚拟场景中同步开始行走。也支持用户自定义照片作为卡通形象的面部，支持付费虚拟场景的下载，支持用户自己制作的场景上传，支持积分/话费累计奖励等；支持用户步行成绩的上传，排名；支持邀请多名用户开展统一场景的跑步/步行比赛，提供奖励等。,http://zzkf.bigcloudsys.cn:8088/project/detail/2242,2015.07.31
移动和众寻,移动和众寻是一个基于公益服务性质的应用APP，产品的目标致力于帮助移动巩固现有客户，挖掘潜在客户，在提供公益服务的同时带来出色的品牌收益。安装APP的用户要进行实名认证，在认证通过后，可登入家庭中孩子的信息，当在儿童走失后，可迅速使用寻呼功能，将孩子的信息以彩信的形式发送给用户基站定位的小区所在范围及周围小区范围的其他移动用户，可以使用户在第一时间得到走失孩子的有效信息，在有效时间内大大增加找到丢失儿童的可能性，为走失儿童现象提供了一个良好的解决方案，所有移动在网用户要签署一个公益协议同意接收此类彩信，如果拒绝加入该计划就不会接收到此类短信，充分体现人性化，避免了垃圾彩信通报。,http://zzkf.bigcloudsys.cn:8088/project/detail/2509,2015.08.05
客户精确营销工具,,http://zzkf.bigcloudsys.cn:8088/project/detail/2274,2015.07.31
微体验,微体验是将微信平台与中国移动发烧友俱乐部进行融合，借助微信公众账号平台，打造一个从新业务产品上线、俱乐部会员招募、体验任务发布、会员体验反馈和会员任务奖励机制等多种功能一体化的线上移动新业务发烧友俱乐部平台。,http://zzkf.bigcloudsys.cn:8088/project/detail/2295,2015.07.31
咔嚓, 一款摄影交流，约拍的O2O软件，打造一个平民的摄影师约拍、团拍、旅行跟拍的互约交流平台；用户即可注册为摄影师，接活其他用户的活，赚点小钱；提供LBS服务，为用户推荐附近的摄影师，减少赶路浪费的时间。 ,http://zzkf.bigcloudsys.cn:8088/project/detail/2510,2015.08.05
移动互联网智能加速精灵APP,移动互联网智能加速精灵APP是一款免费的移动上网加速APP软件，适用于现有IOS和Android的智能移动终端，采用目前最先进和流行的互联网加速技术，由用户终端软件以及加速服务器构成，通过采用TCP协议加速、优化改良HTTP协议与文字、影像压缩技术，大幅改善网页浏览速度和访问速度，调整用户手机设备的响应时间，减少网络硬件设备对网络的响应延迟，自动用最优参数更新操作系统访问网络的相关项。能够在有限的带宽条件下，提升数据传输速率，显著改善用户体验。APP主要功能特色：1.加快用户浏览器访问网页的速度。2.解决网络游戏中有可能出现的顿卡，掉线的情况。3.提高用户网络数据传输能力，特别提高了手机通过网络对外上传数据的速度，解决用户传输文件慢、分享图片、视频失败的问题。4.提高不同网络接入线路之间互相传送数据的流畅程度。APP应用场景：1.适合于所有IOS和Android移动智能终端上网加速需求。2.适合于所有手机用户移动办公、社交媒体分享、手机收发邮件、以及资料云存储备份等环境。,http://zzkf.bigcloudsys.cn:8088/project/detail/2260,2015.07.31
好老师,“好老师”是基于公司LBS业务及139社区，面向学生、家长、教师和社会教学力量，展现教学资源和求学需求的融合社区。以PC+MOBILE无缝接入，利用139社区丰富的社交网络资源，优质权威的教学资源，实现互联网解决个性化教育供需关系，促成线下教育的APP软件。,http://zzkf.bigcloudsys.cn:8088/project/detail/2360,2015.07.31
一会,一会: 致力于为有异地办公、沟通需求的中小企业、团队，提供便捷易用的移动端多方会议解决方案。产品以多方语音会议为核心功能，结合预约提醒（会前）、数据共享（会中）、资料存储（会后）等辅助功能，为用户提供一站式的闭环体验，满足企业员工远程高效沟通的需求。,http://zzkf.bigcloudsys.cn:8088/project/detail/2112,2015.07.30
物联网智能电源开关,本产品名为物联网智能照明开关，该产品主要运用人体红外识别技术或者视频识别技术检测教学、办公等公共场所的使用情况，若有人使用，自动开启照明设备、空调等电器设备电源开关，若无人使用，自动断开电源，达到根据场地使用情况智能控制开关电源的目的，并且可以将场地使用情况、使用时间、电器使用情况等数据上传至云平台，进行数据分析和统计。,http://zzkf.bigcloudsys.cn:8088/project/detail/2130,2015.07.30
和食客（农产品溯源）,和食客（农产品溯源）是围绕打造各地名优特农业品牌，加快农业产业发展和农民增收，利用移动优势，联合权威农业部门、科研机构、农业院校、农产品检测机构、监管机构，重点针对各地名特色农产品属性，将农产品品种、产地、种植、生产、加工、包装、仓储、物流配送、销售以及技术检测、监管等过程和环节联系起来，消费者通过手机及时、便捷地对自己所购产品的各类信息一目了然。实现农产品“从农田到餐桌”的信息追溯。产品功能特色建立区域化统一的农产品标识可追溯信息管理系统、联合制定农产品溯源技术规范、联合区域生产企业或农民打造品牌、带动农业观光旅游产业、农产品会员制尝试五大功能。,http://zzkf.bigcloudsys.cn:8088/project/detail/2400,2015.08.03
2015开发大赛-和管家,,http://zzkf.bigcloudsys.cn:8088/project/detail/2474,2015.08.04
业务100,全功能移动营业厅，真正的一站式服务；操作便捷，功能快速切换；个人账户状态预警，最新信息资讯实时推送；全面支付渠道.结合移动互联网企业产品的体验，借助“和4G”的机遇，产品团队创新提出以“远程视频业务办理”为切入点的移动APP产品。该产品颠覆了用户必须亲自在实体营业厅办理业务的理念，同时解决用户在实体营业厅办理业务时的低效、繁琐等痛点，将实体营业厅搬到线上，为每一位用户提供一站式便利的线上全业务办理，打破了空间、时间局限。只要有网络或信号、只要有智能终端，用户便可随时随地轻松办理业务，免去舟车劳累、赶早排队之苦。该产品为广大移动用提供了专业、简单、安全便捷的移动互联“心”体验，不断地让用户体验到移动对生活的改变。,http://zzkf.bigcloudsys.cn:8088/project/detail/2225,2015.07.31
和乡情,“和乡情”是一款安装在智能手机上的，属于学生群体的垂直社交APP。它主要是集团短码通（政企彩云 ）理念的一个延续，是将短码通这一成功产品在校园应用的拓展，它可以帮助同乡的在校大学生拓展人脉、增进同乡之谊的社交工具。,http://zzkf.bigcloudsys.cn:8088/project/detail/2190,2015.07.31
Baymax心情管家,“Baymax心情管家”是一个旨在通过物联网平台向用户提供以心情调节为导向的、具有意识化交互体验的AI软件。这是一个基于表情和模式识别，生理指标和环境变量监测，大数据和云计算的人工智能产品。它在智能终端上（智能手机、智能穿戴设备等），采集用户的面部表情参数、生理指标（如心跳和血压等的时序数据）、环境变量（气温、气压、光强和湿度等的即时数据），使用基于环境心理学理论的心情调节算法做决策，进而对私有物联网内的智能家居设备和车载设备等进行控制和调整，经由eSIM卡向网络内的设备下发指令去做出有利于改善用户心情和健康的操作，（产品初期不进行这方面的开发，会以推送的方式向用户提供改善心情的策略），并基于用户体征反馈实时进行动态响应和调整，整套系统都将会经过遗传算法去迭代优化，实现系统面向用户对象的自学习和意识进化。这个构想的完全体，在面向用户时具有如下的流程：（此次开发大赛中，我们团队将实现核心的部分，专注于通过智能终端做采集分析来改善用户心情和身体健康这个关键痛点，预计成果是一个APP，暂时不考虑周边开发、后台建设和平台搭建） 首先，用户面对智能手机屏幕的时候，“Baymax心情管家”在手机操作系统上的APP会通过前置摄像头在后台采集用户的面部信息进行表情识别，通过用户的表情信息和由智能穿戴设备采集到的用户生理指标，综合判断用户此时的心情和健康状态； 然后，在用户的居室环境和车辆中所部署的，由eSIM卡实现控制和互联的采集设备和传感器网络，会实现按时序同步采集和记录气温、气压、光强和湿度等； 接着，“Baymax心情管家”的心情调节算法会依据环境心理学理论做出改善心情的决策和方案，这将通过eSIM卡进行指令传输，直接作用于这些受私有物联网络控制的设备和终端（如流媒体播放器、智能空调、智能台灯、车载控制系统等），动态调整它们的状态（如居室内灯光强弱，车内背景音乐，空调温度等），以“声”和“光”的组合为核心输出去调节用户的心情和健康状态。 同时，“Baymax心情管家”将持续实时监测其心情指标，根据用户对现有输出组合的体征指标反馈去及时学习调整，动态调整心情和健康调节的方案。值得注意的是，这个过程用户也可以通过APP操作台去给出微调的建议； 最后，随着用户使用“Baymax心情管家”在时间和场景上的慢慢累积，系统会应用遗传算法向更快速准确的响应方向进行迭代进化，并针对使用者的面部特征和心情特征进行用户画像，必要时可辅助性地向用户推送心情调整的小贴士和饮食锻炼的建议等。系统会将用户群反馈的数据进行大数据分析，将建立心情模型的集群，用作预判、二次数据分析、应急（例如长时间没有获得一个用户的采集口数据，系统会紧急调用心情模型的集群数据，综合该用户的画像特征进行比对、调整和预判，进而给出输出策略）。“Baymax心情管家”还将会综合用户的人工微调操作集进行有意识地学习用户个体偏好，给出更贴合每个用户特点的心情和健康调节方案。通过综合考量可利用的现有资源以及现有的技术和商业环境，细致评估此次敏捷开发所需的代码能力，为了最大程度实现这个构想中的核心算法和逻辑，这个人工智能产品的初期形态将以手机APP的形式在此次自主开发大赛过程中呈现。团队将着力开发一个iOS或Android平台的APP，把上述流程调整为：通过前置摄像头采集用户在面对智能手机时的面部信息，同时获取从智能穿戴设备上检测的生理指标和传感器网络中监测的环境参数，经过心情调节算法后，在手机端向用户推送调节心情的策略。例如：当用户在家情绪暴躁的时候，表情愤怒，血压升高，心跳快速，此时环境温度较高，“Baymax心情管家”会全部获取这些数据，应用环境心理学等的知识，向用户手机端推送消息：“亲爱的用户，来一首清新舒适的圆舞曲《蓝色多瑙河》吧，调暗灯光，打低空调，做做深呼吸，我们为你准备了一个轻松的幽默小段子。。。”这里，通过eSIM卡控制智能家居设备在初期产品开发过程中不作深究，这个阶段我们需专注于一个痛点开发“小而美”的核心功能；后期等产品投放市场，通过运营积累了一定DAU之后，不断迭代到成熟的APP产品后，再把这些推送给用户的策略，经由物联网去实现智能自动控制。“Baymax心情管家”是要向用户提供数字化服务的，这项业务的后期支撑和发展也离不开大数据和云计算的帮助。我们中国移动的用户和互联网产品的用户最大区别是，我们的用户是通过了实名制认证机制的，算法从用户端采集回传的数据都是具有诸如年龄、性别和居住地等详细准确信息的，这些海量的用户面部表情和生理指标数据是极具价值的。“Baymax心情管家”的大平台会在后台对这些具有实名认证信息的数据进行挖掘，将每个用户单体进行数字化画像，这将对诸如电子医疗、人工智能、数据挖掘和意识学习等前沿领域有广泛而深刻的影响。“Baymax心情管家”是一个极具弹性的系统，既可以作为“大而全”的平台容纳大量的开发者和内容提供商，亦可以运用“小而精”的表情识别算法和心情调节算法等去服务于不同的商用领域而我想在这次自主开发大赛专注于实现“大平台，小前端”的想法，从心情调节的人工智能产品着手，展示这个小产品可以发展成平台的潜力。,http://zzkf.bigcloudsys.cn:8088/project/detail/2222,2015.07.31
2015开发大赛-商业WiFi,,http://zzkf.bigcloudsys.cn:8088/project/detail/2481,2015.08.04
早教社区,,http://zzkf.bigcloudsys.cn:8088/project/detail/2232,2015.07.31
Ad Click你爱看的广告,   -上网冲浪看剧正嗨，被广告打断十分不爽有木有？-插播的都是你毫无兴趣的广告，浪费生命有木有？-有些广告粗质滥造，虚假宣传无节操，吐槽不能忍有木有？-受不了广告插播又不想付费买会员有木有？Ad Click将彻底解决你的问题，让你主宰广告的生杀大权，给你自由选择的权利，做“懂你的广告”，和“你爱看的广告”。“爱看Ad Click”将打造新型的互动视频广告平台，改变传统的广告强制推送方式，采用视频内容广告关联或广告任务模式进行广告推送，并通过一定的用户激励手段，发展用户主动观看广告的新型广告推送模式；同时将广告视频作为独立的媒体资源，通过弹幕互动评论、创意PK等功能增加广告的趣味性，使看广告本身也成为一种娱乐。Ad Click将颠覆传统的广告模式，在视频广告推送和用户体验之间寻找平衡点，实现商户、看客和运营商的“三赢”。 ,http://zzkf.bigcloudsys.cn:8088/project/detail/2494,2015.08.04
宝贝管家,,http://zzkf.bigcloudsys.cn:8088/project/detail/2512,2015.08.05
520产品,1、520短号，实现通话双方互拨520短号，显示520短号，增加亲密感与拨号便捷度；2、通话客户双方之间520分钟本地（归属地）主叫通话时长，尽情畅聊；3、通话客户双方之间520分钟条短信，沟通无压力；4、客户加入520，选择的心仪号码个性化，即可选择添加本地畅聊号码，也可选择添加外省畅聊号码。5、新推520业务，以两人专属圈、520短号（我爱你）、圈内优惠为卖点，产品定位清晰、突出，更易俘获消费者心理。,http://zzkf.bigcloudsys.cn:8088/project/detail/2395,2015.08.03
校园Bang,   本产品主要是开发出一款定位高校，服务高校学生用户群体的智能在线手机APP，既能结合不同高校用户数和用户质量，实现服务片区化、给用户提供实时在线的选择、下单、充值、挂失、保号、停机等传统业务，又能为市场营销人员提供实时在线查询库存，自动化整理庞大数据库，及时和用户0距离沟通的实时在线功能，使我们的营销人员再向客户介绍产品时不再只是拿着静态的彩叶纸，让公司的运营时间不再是白天的8小时，开放的外置接口，可以连接校园本地所有开放资源。  公司营销人员可以用该软件向客户动态展示我们销售的产品；  一线营销人员可以实时查询库存产品数量，方便后台为不同地区不同质量，不同数量客户提供差异化服务；  用户可以通过软件查询自己的套餐及使用情况，可以在线选择和抢购自己喜欢的终端，套餐，卡号，凭借软件可以办理所有基础业务；  在用户感知和用户体验方面，用户可以通过软件将自己的愤怒和不满，或者好的意见和建议及时反馈给我们，方便我们工作改进和提高  产品接口丰富，能够实现和校园论坛等本地资源的有效结合  产品开发周期短，适应市场环境能力强 ,http://zzkf.bigcloudsys.cn:8088/project/detail/2141,2015.07.31
旅游省钱宝,本产品通过大数据分析预测机票酒店价格的走势，并给出可信度，帮助用户来决定什么时间购买机票最省钱。如果机票价格有上涨的趋势，系统就会提醒用户立即购买机票，酒店价格也是如此,http://zzkf.bigcloudsys.cn:8088/project/detail/2305,2015.07.31
视频聚合平台“聚合”APP, 你有这样的问题吗？我是综艺节目粉丝，每周六我都非常的抓狂。懒得下床，我就得手机下载“爱奇艺”看《晓松奇谈》；下载“乐视TV”看《奔跑吧兄弟》；下载芒果TV，看《天天向上》《真正男子汉》。然后手机卡顿了，我再把这些APP卸掉，关键是真的很麻烦啊？！有没有一个工具可以解决这个问题？现在没有，不过马上就要有了。“聚和”APP该项目的难点在于：如何说服各视频厂家？1、视频厂家的宽带一部分是移动公司的哦；2、不损害视频网站的利益。如不更改不删除视频网站的广告；而且在“聚合”网站上的流量还要和视频网站流量分成。2、移动公司可以考虑注资；3、移动公司有吸引用户的独门绝技；可考虑先注资龙头获取优质内容，再推出专门针对“聚合”APP的定向超级优惠流量包，吸引用户。流量上来了，更多的视频网站要加盟。内容越来越多，用户越来越多。如此形成良性循环。同样，在音乐播放，也存在着QQ音乐，网易云音乐，虾米音乐等多家公司的独家版权，使用收听也非常麻烦。类似的，在可能很少有人关注的网络电台节目上，考拉FM，喜马拉雅听，凤凰FM，蜻蜓FM，都存在着大量的独家内容。他们用内容筑起了护城墙，但却极大的麻烦了我们这些用户。 ,http://zzkf.bigcloudsys.cn:8088/project/detail/2574,2015.08.06
号绑,用来记录手机号码与银行、互联网产品、网站等绑定信息的中国移动RCS插件，方便用户换号时解绑旧号和绑定新号。,http://zzkf.bigcloudsys.cn:8088/project/detail/2551,2015.08.06
随意找产品,中国移动2015年自主开发大赛-随意找产品方案(上参赛平台）.docx,http://zzkf.bigcloudsys.cn:8088/project/detail/2290,2015.07.31
豪友,“豪友”专注一键开启移动设备热点，轻松实现多设备间流量共享，并且为互联设备提供近局域网社交功能，包括各设备间图片、语音、APP等文件分享，游戏互动，红包支付等等功能。“豪友”致力于打造一个用户体验良好的新型流量分享和社交平台，在此平台上帮助中国移动推广自身业务，如流量消费、移动应用（支付，游戏，音乐），助力中国移动业务发展。,http://zzkf.bigcloudsys.cn:8088/project/detail/2550,2015.08.06
All Paste 跨平台剪贴板同步管理工具,移动设备的输入成本较高，复制粘贴的过程较为复杂，一旦出现较多内容的输入或者内容的多次粘贴，用户需要付出相当的成本。该产品第一个功能是实现，设备自身的剪贴板历史记录功能，用户在粘贴过程中可以随时呼出剪贴板历史记录，一键多次粘贴。在设备间无缝同步剪贴板，实现一端复制，0延迟多端粘贴，真正让智能设备智能起来，用户成本降低。利用ble来实现设备之间的识别，若在同一局域网，则使用较为稳定的局域网进行剪贴板同步，若不在同一局域网则直接使用蓝牙进行剪贴板内容传输。,http://zzkf.bigcloudsys.cn:8088/project/detail/2557,2015.08.06
智能环境监测网络,本产品基于OneNet设备云提供的公共服务能力，针对目标环境区域参数进行实时采集、精确监控，帮助管理人员实现智能化管理，到达科学化管理的目标。,http://zzkf.bigcloudsys.cn:8088/project/detail/2131,2015.07.30
中国移动4G和滑, 中国移动4G和滑是一款解锁手机屏幕就能赚积分、并通过中国移动手机商城兑换话费，流量，及各种商品的APP应用。安装后滑动锁屏界面，就能探索手机锁屏上呈现的中国移动最新的业务资讯、营销活动。一方面，提升移动用户的渗透率提升积分使用活跃度，另一方面，通过日常宣传，提升移动用户感知。产品功能特色用户下载相关APP应用软件，并注册就可以通过滑动来体验中国移动各项应用拓展活动:1、使用手机注册\邀请好友就有积分、话费及流量赚。2、智能手机用户看到精美锁屏图片，左滑浏览页面或下载推广应用或右滑解锁均可赚中国移动手机积分。3、移动用户可直接通过积分，在中国移动商城兑换话费、流量包、手机、及各种礼品。如果非移动用户需要注册，必须要开通一个属于自己的中国移动手机号码。4、通过用户使用和滑业务，累计中国移动手机积分，一方面带动积分消费，另一方面，可以提高移动用户的渗透率。,http://zzkf.bigcloudsys.cn:8088/project/detail/2422,2015.08.03
爱帮忙,,http://zzkf.bigcloudsys.cn:8088/project/detail/2511,2015.08.05
超市导航App,,http://zzkf.bigcloudsys.cn:8088/project/detail/2258,2015.07.31
口袋电视,,http://zzkf.bigcloudsys.cn:8088/project/detail/2518,2015.08.05
择路-“和地图”室内内容定位,,http://zzkf.bigcloudsys.cn:8088/project/detail/2272,2015.07.31
集客“流量透视镜”产品 ,本产品定位于集客业务的流量增值服务，依托现网流控系统针对集客业务的流量统计结果，呈现于web页面或手机APP中，通过分权账号做成产品推广给集团客户。可实现集客业务的流量挖掘、感知保障、安全监控等多项功能，主要潜在客户为依托中国移动互联网络提供流量输出服务的集团客户。,http://zzkf.bigcloudsys.cn:8088/project/detail/2273,2015.07.31
校园帮,本产品专为大学生开发设计，为学生打造一个基于课程提醒、兴趣交流、周末游玩、互帮互助、跳蚤市场、教务信息、业务助手的平台，形成校园生活，学习，爱好的小帮派，同时是解决校园生活、学习问题、移动业务的小帮手。1、课程帮：课程表查询录入、课程提醒、课程交流吐槽。2、兴趣帮：包含舞蹈，音乐，漫画，游戏，吉他，轮滑，体育，旅行，化妆，摄影等板块的论坛。3、周末帮：热点推送：覆盖学校及周边可玩地点，以及当季热门活动。如校园十佳歌手赛、中超球赛、歌友会、经典讲座、周边漂流、话剧演出等。快速约伴：相关活动一键报名或约伴，也可分享微信、微博约伴。4、同学帮：找人代劳：占座、收快递、打饭、买东西、写情书、打扫清洁，写作业，只要有困难，就可悬挂求助费，请求帮忙；另包含业务办理、教务信息、跳蚤市场功能。,http://zzkf.bigcloudsys.cn:8088/project/detail/2283,2015.07.31
三农管家, 依靠中国移动自有能力为根，打造互联网应用能力为枝叶，通过梳理现有业务汲取灵感，结合我国农业人口居多的国情特色，计划打造一款为农民提供“从床头到地头”的，全方位互联网服务的综合类农村APP产品。本产品的初衷是通过对现有能力整合创新，促进涉农业务更加健康有序的发展，力求在未来农村互联网市场的“中心化”与“去中心化”叠加现象中寻找平衡支点，以专业树立权威、以便捷引导互动，通过调查属地省的“三农”主流需求，将主要功能分为农村卫士、农业助理、休闲娱乐等三大类。 ,http://zzkf.bigcloudsys.cn:8088/project/detail/2223,2015.07.31
移动魔镜, “移动魔镜”产品是利用增强现实（Augmented Reality，简称AR）技术实现的一款Android平台APP应用。利用现实增强技术，用户可以通过APP打开手机摄像头，扫描移动公司的宣传彩页或海报，APP会对彩页上的图片进行扫描，然后在屏幕上扫描图片相应位置显示出相关的视频广告或终端3D模型等虚拟内容。在使用AR产品进行相关业务或终端产品进行宣传时，用户在使用“移动魔镜”相关软件时，可以改变用户之前对宣传产品的感知信息，可以带给用户立体、真实性的环境产品体验，让用户体验相关科学技术带来的震撼感，给用户更好的感知。同时在扫描一些宣传单页的时候可以弹出购买界面，直接产生购买行为，能够将广告、促销以及销售有机地融为一体，极大地提高营销的效果和购买率。产品上线后，可以应用于公司的营业厅终端营销、校园营销等各类市场活动。可以引导用户安装“移动魔镜”APP，用于公司市场方向各类活动的宣传，或将“移动魔镜”AR功能嵌入到公司其他“和品牌”APP中，增加用户对于移动公司的最新技术、终端产品体验的感知。 ,http://zzkf.bigcloudsys.cn:8088/project/detail/2236,2015.07.31
户外信号早知道,本产品形式为手机终端应用APP；安装该APP的用户可以通过本软件在户外活动中例如近海或湖泊航行、户外穿越、定向越野、科学考察等活动中记录上传关键位置的经纬度信息和手机信号（包括无信号信息），并可以标注该手机信号位置的关键字；安装该APP的用户可以通过关键字索引和区域选择的方式在户外活动前获得目标区域内其他用户上传的不同运营商的手机信号强度分布。,http://zzkf.bigcloudsys.cn:8088/project/detail/2513,2015.08.05
三新融合通信应用,融合通信“三新”区域化云服务产品是融合通信“三新”服务的升级创新，它不仅仅是底层的通讯需求，它结合了市场不同领域、不同行业，从管理、服务、应用方式升级创新，实现“三新”服务从“新通话”、“新消息”、“新联系”向“新通讯”、“新交际”、“新交易”升级延伸。通过整合通信服务能力、平台服务能力和大数据挖掘能力为各行各业提供高起点的产品架构和综合行业解决方案。,http://zzkf.bigcloudsys.cn:8088/project/detail/2182,2015.07.31
2015开发大赛-和社区,,http://zzkf.bigcloudsys.cn:8088/project/detail/2475,2015.08.04
“云之信”金融大数据征信服务创新产品,“云之信” 立足公司现有数据资产，借助大数据分析，为第三方金融机构，如银行、P2P金融公司，小额信贷公司实现对特定客户的信用评级打分服务，以及贷后风险管理服务，第三方金融公司可根据我方提供的评估情况，实施分级的信贷、抵押管理。“云之信”按照提供的服务次数和服务类别向第三方金融机构收取费用。,http://zzkf.bigcloudsys.cn:8088/project/detail/2491,2015.08.04
和流量,官方权威全网产品，精准监控流量使用情况，智能流量提醒，一键流量订购，流量加油，优惠提醒，单价测算，积分换流量，移动业务推荐，流量社区。,http://zzkf.bigcloudsys.cn:8088/project/detail/2498,2015.08.04
室分全生命周期管理系统,通过九大流程精准定位，逐一把控室分建设的全生命周期中的每个细节，解决目前粗旷型管理中存在的环节空当，形成需求-建议双模管理定位的机制。解决现有工作环节中的疑点和难点，有效提高室内信号分布信号质量，提升网络性能，从而增强用户感知度。,http://zzkf.bigcloudsys.cn:8088/project/detail/2244,2015.07.31
同事说APP,,http://zzkf.bigcloudsys.cn:8088/project/detail/2319,2015.07.31
套餐自由选,,http://zzkf.bigcloudsys.cn:8088/project/detail/2338,2015.07.31
达答,“达答”即是以有偿或无偿技能交换为目的，通过报偿、交流分享模式，使具备某项专业技能的人通过技能分享或在线答疑进行二次创收、及自我实现，同时使想获得某项专业技能的人获得提升。,http://zzkf.bigcloudsys.cn:8088/project/detail/2352,2015.07.31
移动外勤,上海中移通信移动外勤管理系统依托移动通信网络及定位、GIS、短信等功能，为外销、外巡、外送等中小企业提供的基于位置的外勤管理信息化服务。外勤人员通过移动终端完成现场数据采集、工单接收、业务反馈等工作，同时与后台系统形成实时的数据交互，帮助企业管理人员掌握外勤人员的实际工作情况。,http://zzkf.bigcloudsys.cn:8088/project/detail/2361,2015.07.31
大镖师,大镖师: 是一个针对快递行业提供高效派件解决方案的平台，通过中国移动语音能力开放平台调用语音接口发送语音通知。当快递员需要派送快递时，大镖师将为他提供优质、便宜、效率的服务。,http://zzkf.bigcloudsys.cn:8088/project/detail/2111,2015.07.30
跬步,定位户外运动这一垂直领域，为“驴友”这一日渐庞大且拥有良好消费能力的用户，定制开发“跬步”这一出行必备神器！解决户外探险地图没信息找不着路、山上没信号分享不了美丽心情两大难题，真正实现“跬步App拿在手，想往哪走往哪走”！产品定位精准市场，具有良好的商业模式，可快速实现用户爆发式增长和盈利。对移动流量拉动和品牌形象亦起到积极作用。,http://zzkf.bigcloudsys.cn:8088/project/detail/2135,2015.07.30
“和”互联,“和”互联是一款基于手机号注册的实名制认证方式，在注册的时候，通过用户手机联系人中已经在使用的人并自动添加到你的手机联系人名单里。实现亲友、同事间集合语音通信、消息推送（在线及离线方式）、音视频、文件共享、位置共享、多人实时语音通信等功能的通讯软件。该软件支持单聊及群聊模式，在群聊模式中，可以实现群内用户（非隐藏号码）的实时语音通信及消息收发功能。产品定位：该产品是一款无广告的通讯软件，旨在通过简洁的界面、强大通讯的功能，统一用户终端通讯的入口， 实现轻量级融合通信的目标。产品规划：后续考虑与飞信、139邮箱对接，实现跨平台的通信要求。产品主要特色：无广告发布，专注于通讯。产品中将不插入任何广告，界面风格简洁、实用。专注通讯功能，不开发朋友圈及游戏功能。旨在将通讯功能做到极致。统一融合、统一呈现。短信、彩信、发送图片、视屏、文件信息及实时通话记录统一呈现，实现终端通信录信息与产品信息融合。免登陆。首次注册登录后，再次登录直接打开，无需输入用户名密码，但也可提供多种界面加密方式（如手势图、密码输入等）提供给有安全登录需要的用户。免添加好友。用户注册时，通过将通讯录用户导入，自动分析出安装该软件的用户，为安装软件用户标示出来，只可以打电话和发短彩信；已安装软件用户将满足所有功能。并可对好友列表进行编辑。用户加入群组后，该群组中未在好友列表中的用户，可实现批量添加好友功能（多个群组批量添加好友时，可带排重功能）。显示状态。可通过用户状态查看联络人目前所在状态，如在线、会议中或自定义状态。联系人信息交换。可进行联系人信息的交换。自定义表情。支持发送表情，可加入自定义表情。未注册模式。该产品有两种用户模式：注册用户模式及未注册用户模式。注册用户间可正常使用产品中所有功能。未注册用户除实时通话及收发短信、彩信外，无法享受其他信息推送功能。当注册用户向未注册用户发送富文本消息、图片、视屏时，未注册用户只能收到来自系统的提示短信（同时发送产品推广短信，注15分钟内多条至发送1条短信，同时向发送用户提示发送用户为未注册用户）。这些消息将作为离线消息，待该用户注册后选择是否接收。实时通话。注册账户间通话使用产品内通话。注册账户与非注册账户间通话，调用终端通话模块。语音会议。实现注册用户的多用户语音通话功能。个性化设置。各项个性化设置需求，如墙纸、铃声及字体等。统一认证功能。向第三方应用提供统一认证功能。后续版本将联合统一认证接入功能的三方应用，结成推广平台，并逐步演进成单独APP功能。,http://zzkf.bigcloudsys.cn:8088/project/detail/2456,2015.08.03
和手机卫士,,http://zzkf.bigcloudsys.cn:8088/project/detail/2514,2015.08.05
一票,,http://zzkf.bigcloudsys.cn:8088/project/detail/2271,2015.07.31
移动管家产品,,http://zzkf.bigcloudsys.cn:8088/project/detail/2296,2015.07.31
和教育班级网,,http://zzkf.bigcloudsys.cn:8088/project/detail/2297,2015.07.31
基于TD-LTE智能终端的远程技术支持及自动运维工具,将安装了本产品手机APP客户端的4G终端通过USB数据线与需要支持的服务器建立物理连接后，通过终端的网络共享功能和TD-LTE高速网络，实现该服务器与本产品调度中心服务器的私有的、安全的网络连接。通过调度中心的接入管理和资源调度，可以允许技术支持人员通过私有的、安全的网络去远程访问需要进行支持和维护的服务器。同时，4G终端上的APP还可以从调度中心用例库中浏览、查询和下载各种自动化脚本，通过执行这些自动化脚本可以实现对服务器进行诊断、调试和维护的功能。脚本是否正常执行以及执行的结果能够实时地上传到调度中心服务器，供技术支持人员分析参考。通过严格的安全认证和信息加密技术，也可以允许技术支持人员远程主动推送脚本到服务器上执行。,http://zzkf.bigcloudsys.cn:8088/project/detail/2554,2015.08.06
送流量,,http://zzkf.bigcloudsys.cn:8088/project/detail/2519,2015.08.05
营业员的和小店,,http://zzkf.bigcloudsys.cn:8088/project/detail/2521,2015.08.05
微信商城全民微店, 微信商城全民微店是基于HTML5技术在微信平台搭载的电子零售商城，是B2B2C模式在微信端口的创新应用，着力于帮助中小商户和个人打开终端销售新渠道。商户或个人均可免费注册于我司微信商城开设微店进行终端零售，微店店主可根据销售业绩获取相应酬金。 ,http://zzkf.bigcloudsys.cn:8088/project/detail/2278,2015.07.31
扫码考勤,,http://zzkf.bigcloudsys.cn:8088/project/detail/2520,2015.08.05
旅游大数据平台,旅游大数据平台利用大数据技术和移动的位置信令、上网日志及话单等数据实现景区人流的实时监控、来源地分析和逗留时长的分析功能，同时实现对外来用户城市名片的宣传功能。,http://zzkf.bigcloudsys.cn:8088/project/detail/2293,2015.07.31
微智商旅 摇一摇蓝牙导览,“摇一摇周边”是微信提供的一种新的基于线下位置的连接入口。用户通过微信“摇一摇”的“周边”，可以与线下商户进行互动，获得商户提供的个性化的服务。商户申请该功能后，需要在门店自主铺设支持iBeacon协议的低功耗蓝牙硬件，并在商户后台设置硬件和对应服务的关联.,http://zzkf.bigcloudsys.cn:8088/project/detail/2396,2015.08.03
帮帮带,“帮帮带”是协助家长为孩子约伴，为孩子们寻找合适的生活、学习同伴，解决现在独生子女生活孤单问题，同时也解决了现代都市家长工作忙，无暇照顾孩子的问题。通过这个平台，可帮助孩子建立午餐吃饭同伴、周末游玩同伴、兴趣班同伴等等。在各个共同小组的基础上，随着用户群体的增多，进行孩子教育产品、安全产品、娱乐产品的服务，实现平台的价值变现。,http://zzkf.bigcloudsys.cn:8088/project/detail/2158,2015.07.31
摇流量, 摇一摇流量抽奖机--简称“摇流量”本产品是一款轻量级的手机APP，用户可以使用该APP的摇一摇功能屏幕显示摇骰子，随机获得一个点数和对应的钥匙，然后打开相应的包裹箱子可以抽取一定的流量兑奖券，当流量兑奖券达到一定的数值，比如：100点兑10MB移动流量。由于是随机赠送，所以可以在包裹箱子里面放入移动推广活动和自营广告。产品可以通过作为广告代理来推广第三方广告来获得盈利。目前仅针对移动用户。 ,http://zzkf.bigcloudsys.cn:8088/project/detail/2159,2015.07.31
和速递, 中国移动打造的快捷、安全、便利的物流服务客户端平台！* 该产品将改变传统寄收快递方式，建立移动互联网时代下，客户通过线上平台完成快递公司比选、下单、支付、评价的新型快递寄送模式。 * 较比传统邮寄来说，利用移动互联网特点，将线上与线下相融合，让客户根据快递公司的价格、配速速度及服务程度按意愿选择快递公司，形成客户与快递公司紧密相连的O2O模式，最大限度优化客户寄件体验。 * 在维护原有的移动客户群的同时，向更多的互联网客户提供新型服务。* 目的: 延伸移动通信服务，扩大、维护移动客户群体，增强客户黏性。* 特色：线上全程操作，自主选择；减少海量搜索快递公司信息的时间 ；支持电子支付。 ,http://zzkf.bigcloudsys.cn:8088/project/detail/2170,2015.07.31
智能网关及其配套手机APP,,http://zzkf.bigcloudsys.cn:8088/project/detail/2522,2015.08.05
盗机立断拒绝为被盗抢手机提供网络服务, “无法盗卖，就没有伤害”。手机被盗抢，对贼来说得到的只是一部手机，对你来说失去的却是一段生活。作为国企，作为全球最大的运营商，可以做些什么？可以通过拒绝为被盗抢手机提供网络通讯服务、提供必要信息帮助客户追赃的方式，肩负责任，履行“正德厚生臻于至善”的企业核心价值观。中国移动被客户骂了那么久，敢不敢让他们赞一次？ ,http://zzkf.bigcloudsys.cn:8088/project/detail/2270,2015.07.31
充电桩+,充电桩+是一款集充电桩管理、电费支付、充电桩共享于一身的智能管理系统。该产品是基于移动互联网电动车综合服务的移动应用，致力于构建强大的汽车充电智慧网络。此外，该产品还拥有专属电动汽车用户的互动交流平台，支持私人充电桩分享，经营以及预约，达到资源共享的目的。,http://zzkf.bigcloudsys.cn:8088/project/detail/2299,2015.07.31
